ano,mes,data,regiao,uf,bioma,area_desmatada_km2,area_preservada_km2,focos_queimada,chuva_mm,temperatura_media,emissoes_co2,unidades_conservacao,nivel_risco
2015,1,2015-01-01,Norte,AM,Amazônia,193.52465823520762,3927.9757672456203,464,179.59754525911097,24.028242325751673,290.2869873528114,37,Baixo
2015,1,2015-01-01,Norte,PA,Amazônia,86.4373149647393,4464.704583099741,53,180.33450352296265,31.204943511348592,129.65597244710895,10,Alto
2015,1,2015-01-01,Centro-Oeste,MT,Cerrado,20.086402204943198,4329.770563201687,49,63.701733203482846,24.36372457369231,30.129603307414797,36,Baixo
2015,1,2015-01-01,Centro-Oeste,GO,Cerrado,99.86820982818257,3099.0257265289515,110,129.58350559263474,25.785978822574545,149.80231474227386,9,Médio
2015,1,2015-01-01,Nordeste,BA,Caatinga,309.8079184139659,2168.5785941408726,241,109.90855298810752,27.928909794821468,464.7118776209489,24,Crítico
2015,1,2015-01-01,Nordeste,MA,Cerrado,394.73622108257666,3056.9377536544466,355,177.72437065861274,22.60385536535997,592.1043316238649,32,Médio
2015,1,2015-01-01,Sudeste,SP,Mata Atlântica,307.6969774317048,1260.206371941118,258,284.66566117599996,34.55321642996927,461.5454661475572,40,Médio
2015,1,2015-01-01,Sudeste,MG,Cerrado,406.11470057706595,1390.6884560255355,450,205.26990795364708,27.721982418614818,609.172050865599,8,Crítico
2015,1,2015-01-31,Norte,AM,Amazônia,69.79873507394163,1137.5540844608736,104,272.79612062363464,25.36413976080022,104.69810261091244,23,Crítico
2015,1,2015-01-31,Norte,PA,Amazônia,334.63591933345117,3080.272084711243,375,164.01308380298389,24.40310792183185,501.95387900017676,22,Baixo
2015,1,2015-01-31,Centro-Oeste,MT,Cerrado,485.0964676046337,4757.995766256756,994,268.44820512829466,29.772699724544108,727.6447014069505,40,Alto
2015,1,2015-01-31,Centro-Oeste,GO,Cerrado,461.71837516132723,1783.9314496765808,312,13.56818667316142,26.229294299922437,692.5775627419908,19,Crítico
2015,1,2015-01-31,Nordeste,BA,Caatinga,200.45187194784617,4314.950036607717,209,107.02599800807678,25.65214862593595,300.6778079217693,41,Médio
2015,1,2015-01-31,Nordeste,MA,Cerrado,275.92108074754174,4208.787923016159,215,22.365193103931247,34.829530175806724,413.8816211213126,40,Alto
2015,1,2015-01-31,Sudeste,SP,Mata Atlântica,388.39993695536214,1022.0884684944097,348,244.63842853645025,31.18914547001902,582.5999054330432,47,Médio
2015,1,2015-01-31,Sudeste,MG,Cerrado,367.21351234008375,1296.1786069363616,750,107.53971856328178,23.506297773826688,550.8202685101256,28,Médio
2015,3,2015-03-02,Norte,AM,Amazônia,432.9206786790408,2323.592099410597,756,19.067505085807092,26.04277018230361,649.3810180185612,26,Alto
2015,3,2015-03-02,Norte,PA,Amazônia,169.33982779310605,3550.2298854208525,331,266.16382277289796,28.13879402710534,254.00974168965908,37,Crítico
2015,3,2015-03-02,Centro-Oeste,MT,Cerrado,68.60118050976783,4043.14019446759,132,168.38315927084886,32.02257333940929,102.90177076465174,8,Baixo
2015,3,2015-03-02,Centro-Oeste,GO,Cerrado,251.95984221855147,2710.1640734341986,389,7.625738023228557,23.40258855091296,377.9397633278272,29,Crítico
2015,3,2015-03-02,Nordeste,BA,Caatinga,25.400300986499783,2257.4239243053066,45,152.57120734941083,33.79836416103921,38.10045147974967,43,Médio
2015,3,2015-03-02,Nordeste,MA,Cerrado,132.15319228294874,4022.2045541721945,174,68.63944964748674,23.00073882777431,198.2297884244231,14,Alto
2015,3,2015-03-02,Sudeste,SP,Mata Atlântica,151.97821192774634,4718.790609370292,124,242.43611386932508,30.234248834635505,227.96731789161953,34,Médio
2015,3,2015-03-02,Sudeste,MG,Cerrado,437.01568919198166,1746.2802355441434,920,267.76769954699336,29.01144914490346,655.5235337879725,24,Baixo
2015,4,2015-04-01,Norte,AM,Amazônia,405.64567603039063,2272.0138998874554,929,33.01557735830303,24.96315711304524,608.468514045586,34,Alto
2015,4,2015-04-01,Norte,PA,Amazônia,219.2828164268656,4442.9223330253735,468,2.085639159357211,28.639714933508355,328.9242246402984,6,Médio
2015,4,2015-04-01,Centro-Oeste,MT,Cerrado,214.5313915429017,1479.4614693347312,202,101.28455142108838,34.25782615086275,321.79708731435255,13,Baixo
2015,4,2015-04-01,Centro-Oeste,GO,Cerrado,168.36943669017006,3812.0758355807116,258,109.0888807137882,34.63316707537249,252.5541550352551,32,Alto
2015,4,2015-04-01,Nordeste,BA,Caatinga,481.5991745216345,2988.9940235695417,483,90.2634929450309,25.70292642690708,722.3987617824517,45,Médio
2015,4,2015-04-01,Nordeste,MA,Cerrado,28.07460420372107,3010.716092915446,48,15.443625374996806,25.62240403507595,42.111906305581606,24,Alto
2015,4,2015-04-01,Sudeste,SP,Mata Atlântica,455.05028412366033,1579.5794883648923,445,146.8358280832689,34.81345590343781,682.5754261854905,49,Baixo
2015,4,2015-04-01,Sudeste,MG,Cerrado,128.6070830406352,4046.4784613148704,237,71.2912631977199,31.466812531954176,192.91062456095278,13,Médio
2015,5,2015-05-01,Norte,AM,Amazônia,190.21373503243407,3534.1188430435786,335,160.73240522242753,23.17376701070731,285.3206025486511,20,Médio
2015,5,2015-05-01,Norte,PA,Amazônia,419.2982228387266,1746.074041599417,478,12.232542466429175,29.681608261447145,628.9473342580899,44,Médio
2015,5,2015-05-01,Centro-Oeste,MT,Cerrado,342.00653730271836,3048.372233197124,182,67.94873255938138,30.38724627532285,513.0098059540776,23,Baixo
2015,5,2015-05-01,Centro-Oeste,GO,Cerrado,95.43955021244581,2546.94138520215,179,281.01899662102034,23.78777227389791,143.15932531866872,15,Alto
2015,5,2015-05-01,Nordeste,BA,Caatinga,177.12251201462666,4698.774473114251,128,263.2018060142943,25.353241160297024,265.68376802194,31,Baixo
2015,5,2015-05-01,Nordeste,MA,Cerrado,333.39218255674774,3220.8032463978493,711,158.89517350680194,25.144079781705873,500.08827383512164,5,Crítico
2015,5,2015-05-01,Sudeste,SP,Mata Atlântica,55.620356224890614,4601.672228653322,127,189.93043718198038,26.40738728363311,83.43053433733593,13,Crítico
2015,5,2015-05-01,Sudeste,MG,Cerrado,181.11269156020384,4588.441039810308,353,266.1259272795352,32.13838209614911,271.66903734030575,49,Crítico
2015,5,2015-05-31,Norte,AM,Amazônia,324.595506615601,1646.514856378455,216,269.56625655812377,29.88357777557467,486.8932599234015,26,Baixo
2015,5,2015-05-31,Norte,PA,Amazônia,14.506555292148526,3654.007076432223,10,1.518475153865606,24.09050466842748,21.75983293822279,24,Alto
2015,5,2015-05-31,Centro-Oeste,MT,Cerrado,278.8795567896272,3607.8450380104023,525,67.28079283816794,31.258329877517966,418.3193351844408,16,Crítico
2015,5,2015-05-31,Centro-Oeste,GO,Cerrado,126.25205287343204,3985.9656204720964,145,194.8898697141644,33.039904336424314,189.37807931014805,40,Médio
2015,5,2015-05-31,Nordeste,BA,Caatinga,332.23031722716826,1374.6990713123698,543,110.31474091783005,25.44763077986243,498.3454758407524,35,Crítico
2015,5,2015-05-31,Nordeste,MA,Cerrado,129.55492525575096,2572.3908986670417,316,267.613966553134,30.204802137964418,194.33238788362644,25,Baixo
2015,5,2015-05-31,Sudeste,SP,Mata Atlântica,399.45753873540775,3307.6155385054362,601,147.75530814565917,24.538158841374578,599.1863081031116,32,Crítico
2015,5,2015-05-31,Sudeste,MG,Cerrado,364.0015364781376,1097.2638657258153,386,193.64168877215033,24.302438832291635,546.0023047172065,13,Baixo
2015,6,2015-06-30,Norte,AM,Amazônia,470.82470633292803,4659.457560881794,1133,111.04761007663332,22.200936014875275,706.237059499392,21,Crítico
2015,6,2015-06-30,Norte,PA,Amazônia,464.87609566798545,4866.619276174679,630,289.08599312677586,33.089122921075685,697.3141435019782,34,Médio
2015,6,2015-06-30,Centro-Oeste,MT,Cerrado,154.279957114097,4404.546686067428,195,95.0766015468833,24.203405706919202,231.41993567114548,9,Crítico
2015,6,2015-06-30,Centro-Oeste,GO,Cerrado,282.8326186045916,3784.119186699892,670,171.01835102680948,23.263294419019992,424.2489279068874,30,Baixo
2015,6,2015-06-30,Nordeste,BA,Caatinga,311.35354108259315,1560.336060946096,772,155.49889570912103,33.40584993506342,467.0303116238897,20,Alto
2015,6,2015-06-30,Nordeste,MA,Cerrado,372.97662269956015,3809.936335948437,706,107.84734536592654,25.81669397543841,559.4649340493402,8,Baixo
2015,6,2015-06-30,Sudeste,SP,Mata Atlântica,406.5869661844717,4468.289274320415,862,273.9721657669414,28.647451185192192,609.8804492767075,18,Crítico
2015,6,2015-06-30,Sudeste,MG,Cerrado,255.74298439672782,3599.855723111061,536,210.590063177311,32.34530470266931,383.61447659509173,45,Crítico
2015,7,2015-07-30,Norte,AM,Amazônia,446.1026174906075,2502.3318105597764,524,28.194581952260698,29.51764183295026,669.1539262359113,43,Baixo
2015,7,2015-07-30,Norte,PA,Amazônia,27.611714160403622,3170.5785388303066,39,85.96237563848533,29.68083238739714,41.41757124060543,46,Baixo
2015,7,2015-07-30,Centro-Oeste,MT,Cerrado,24.94512247013422,4290.402242638633,14,108.05719242337886,23.651786664474503,37.41768370520133,20,Crítico
2015,7,2015-07-30,Centro-Oeste,GO,Cerrado,265.89919742685413,1863.2841099873726,542,186.86714274570008,23.109517044918984,398.8487961402812,8,Crítico
2015,7,2015-07-30,Nordeste,BA,Caatinga,35.32404337261777,3162.540486440426,55,191.22897044946197,31.4391873383946,52.986065058926656,49,Crítico
2015,7,2015-07-30,Nordeste,MA,Cerrado,488.16751893664195,2291.8258917649837,748,238.5558584306111,25.520819266406964,732.2512784049629,32,Alto
2015,7,2015-07-30,Sudeste,SP,Mata Atlântica,225.0959961457617,1101.40297366183,147,288.7945244033775,32.86774156665868,337.64399421864255,25,Alto
2015,7,2015-07-30,Sudeste,MG,Cerrado,351.027360985912,1693.177280283383,462,46.93111280132582,25.25315767613974,526.541041478868,45,Baixo
2015,8,2015-08-29,Norte,AM,Amazônia,279.12106570599906,3640.789506870925,538,83.98016908378285,34.413248648621526,418.6815985589986,31,Médio
2015,8,2015-08-29,Norte,PA,Amazônia,371.56948918092655,3446.8829849374088,597,125.88001872833698,25.220502863515048,557.3542337713898,40,Crítico
2015,8,2015-08-29,Centro-Oeste,MT,Cerrado,184.42661253911817,1057.5739545190236,371,34.82179215207487,22.598034346282788,276.63991880867724,11,Crítico
2015,8,2015-08-29,Centro-Oeste,GO,Cerrado,29.957113136295366,3814.6314375200946,66,142.25214872619756,23.27184408846302,44.93566970444305,34,Baixo
2015,8,2015-08-29,Nordeste,BA,Caatinga,250.89177880724785,1692.8074796400606,363,130.15549477139191,27.180561547165855,376.33766821087175,17,Baixo
2015,8,2015-08-29,Nordeste,MA,Cerrado,311.7665480455861,1181.2160390881781,551,112.38378438794136,30.136178904285075,467.64982206837914,32,Baixo
2015,8,2015-08-29,Sudeste,SP,Mata Atlântica,256.53676670424295,3634.77452647578,567,48.88032812442891,22.917393716205588,384.8051500563644,28,Baixo
2015,8,2015-08-29,Sudeste,MG,Cerrado,324.78544632109464,3343.1023250938533,179,282.0690724274873,29.481164312386426,487.17816948164193,13,Médio
2015,9,2015-09-28,Norte,AM,Amazônia,200.20326384119574,2833.0115619660664,357,163.68503679478047,34.23904251409483,300.3048957617936,42,Crítico
2015,9,2015-09-28,Norte,PA,Amazônia,199.1902925223794,4621.402567824255,482,58.737340436788934,22.90169691137715,298.7854387835691,25,Alto
2015,9,2015-09-28,Centro-Oeste,MT,Cerrado,59.38122067493906,1377.7718430237137,31,204.90203202490704,22.925452429982975,89.07183101240858,21,Baixo
2015,9,2015-09-28,Centro-Oeste,GO,Cerrado,166.29805884394304,1093.0877429433035,364,244.34054477668073,25.6641120720542,249.44708826591454,30,Alto
2015,9,2015-09-28,Nordeste,BA,Caatinga,67.90076553461157,3515.771387119536,128,263.2416040581159,31.555923569450513,101.85114830191735,7,Médio
2015,9,2015-09-28,Nordeste,MA,Cerrado,403.7056558885758,1709.7581751188914,429,225.1844254922575,32.488851610474434,605.5584838328637,20,Médio
2015,9,2015-09-28,Sudeste,SP,Mata Atlântica,495.3475195803299,2488.0723431711326,656,232.92388822259906,26.43044602328923,743.0212793704949,27,Crítico
2015,9,2015-09-28,Sudeste,MG,Cerrado,466.0710895457467,2715.976109500073,1033,225.2613203374492,31.80905736310087,699.1066343186201,28,Baixo
2015,10,2015-10-28,Norte,AM,Amazônia,60.530695729606975,3021.0094897914287,139,247.9372398323225,26.16064481339795,90.79604359441046,13,Baixo
2015,10,2015-10-28,Norte,PA,Amazônia,448.8063819631382,1043.3506059211934,573,271.6145929257791,23.186726798219738,673.2095729447074,11,Alto
2015,10,2015-10-28,Centro-Oeste,MT,Cerrado,166.4636824193033,4802.428587750224,399,172.03136643698582,30.21388375820739,249.69552362895496,43,Médio
2015,10,2015-10-28,Centro-Oeste,GO,Cerrado,229.7383057693767,2314.6581814796637,249,201.75553682311153,31.78086888268984,344.60745865406506,23,Baixo
2015,10,2015-10-28,Nordeste,BA,Caatinga,397.87373142566577,1364.8244121947614,827,148.32609141077444,22.748263880216374,596.8105971384987,35,Médio
2015,10,2015-10-28,Nordeste,MA,Cerrado,279.2691523386304,4550.816731033199,386,105.2745037656236,23.521871213558875,418.90372850794563,11,Crítico
2015,10,2015-10-28,Sudeste,SP,Mata Atlântica,80.06592420588957,3472.872253265044,161,30.336802836837073,23.093388479494966,120.09888630883435,16,Alto
2015,10,2015-10-28,Sudeste,MG,Cerrado,353.4748744149688,4287.440237161425,228,211.87266814694885,23.057534148344697,530.2123116224532,6,Crítico
2015,11,2015-11-27,Norte,AM,Amazônia,51.57047990174404,2497.0831830244815,127,111.19264412006727,32.56639437434753,77.35571985261606,7,Crítico
2015,11,2015-11-27,Norte,PA,Amazônia,474.15180291809077,4013.5127410357663,1172,112.87787565927474,23.085509317082693,711.2277043771362,40,Médio
2015,11,2015-11-27,Centro-Oeste,MT,Cerrado,390.801988804444,2696.8880369879053,631,271.9063155284208,23.445567269979968,586.202983206666,43,Médio
2015,11,2015-11-27,Centro-Oeste,GO,Cerrado,251.38630110252097,2874.6425679765052,131,16.890982704551206,23.544632911484936,377.07945165378146,45,Alto
2015,11,2015-11-27,Nordeste,BA,Caatinga,67.5878609207814,3984.1795170616933,121,175.01062952914788,34.50824313016905,101.38179138117209,44,Crítico
2015,11,2015-11-27,Nordeste,MA,Cerrado,193.686583966615,4474.396512757841,207,67.0787515558358,34.52189301272794,290.5298759499225,32,Baixo
2015,11,2015-11-27,Sudeste,SP,Mata Atlântica,15.955692598010007,1172.6396478023044,38,267.3429341094213,28.8601144181219,23.933538897015012,16,Baixo
2015,11,2015-11-27,Sudeste,MG,Cerrado,496.5527500984572,3215.417137605283,321,290.7907606857297,28.800271974211935,744.8291251476858,46,Médio
2015,12,2015-12-27,Norte,AM,Amazônia,318.40533268627865,2818.1642590710926,602,188.26742402521904,29.596086055000303,477.607999029418,47,Alto
2015,12,2015-12-27,Norte,PA,Amazônia,451.5674251405846,2123.852758368921,266,285.12344522296763,33.57342919058191,677.3511377108769,18,Médio
2015,12,2015-12-27,Centro-Oeste,MT,Cerrado,233.27180886499934,2109.524731924531,405,56.436347917128394,28.02807926421977,349.907713297499,15,Baixo
2015,12,2015-12-27,Centro-Oeste,GO,Cerrado,183.14259173276588,1310.9385478599393,305,292.31844229984995,34.82073967823484,274.71388759914885,49,Alto
2015,12,2015-12-27,Nordeste,BA,Caatinga,352.0992398696751,2238.110465145311,553,244.1385059120846,30.901505243200432,528.1488598045127,23,Alto
2015,12,2015-12-27,Nordeste,MA,Cerrado,89.68230027899673,4290.148971692675,208,284.9399739875772,31.434353609048678,134.5234504184951,7,Baixo
2015,12,2015-12-27,Sudeste,SP,Mata Atlântica,310.573446008537,4730.913933416054,415,259.8191668501225,22.58784271138046,465.8601690128055,19,Alto
2015,12,2015-12-27,Sudeste,MG,Cerrado,22.919817503653483,4242.213323127331,28,296.18283879448336,23.955419584345865,34.37972625548022,28,Crítico
2016,1,2016-01-26,Norte,AM,Amazônia,301.1240505225462,4879.657591258412,379,252.6356769407126,32.89827316124479,451.6860757838193,41,Baixo
2016,1,2016-01-26,Norte,PA,Amazônia,239.65964829953543,2093.628287722825,318,16.912648995278133,33.24139089131569,359.48947244930315,8,Alto
2016,1,2016-01-26,Centro-Oeste,MT,Cerrado,408.321494473738,4986.547348295621,1020,166.62951168078823,31.996836397346637,612.482241710607,49,Alto
2016,1,2016-01-26,Centro-Oeste,GO,Cerrado,472.93520764238974,1989.3924069727905,1040,135.16324059302806,23.679072396969435,709.4028114635846,22,Crítico
2016,1,2016-01-26,Nordeste,BA,Caatinga,477.485003356774,1914.5712220138507,817,201.510205321757,30.035667125952646,716.2275050351609,45,Crítico
2016,1,2016-01-26,Nordeste,MA,Cerrado,185.49973183609185,3686.2927823711984,134,156.092310271138,32.04013909256331,278.24959775413777,49,Baixo
2016,1,2016-01-26,Sudeste,SP,Mata Atlântica,264.88011554487673,3207.627355097942,583,168.28139146061588,33.396496834558484,397.3201733173151,30,Baixo
2016,1,2016-01-26,Sudeste,MG,Cerrado,207.70660444407454,1115.130705253356,159,226.5411767020857,30.06402416759504,311.55990666611183,5,Crítico
2016,2,2016-02-25,Norte,AM,Amazônia,354.99908636861954,1545.485902347079,328,4.363399700364578,26.55763826448576,532.4986295529293,22,Crítico
2016,2,2016-02-25,Norte,PA,Amazônia,299.05966655877023,2749.899688094916,384,271.2476083481245,26.527321071302904,448.58949983815535,50,Médio
2016,2,2016-02-25,Centro-Oeste,MT,Cerrado,261.8548496883073,2586.1711292850805,541,186.62601006836204,33.21072821370769,392.782274532461,45,Crítico
2016,2,2016-02-25,Centro-Oeste,GO,Cerrado,475.26510559224465,4706.350500645978,377,147.63488792386147,25.35717704788646,712.897658388367,48,Médio
2016,2,2016-02-25,Nordeste,BA,Caatinga,234.97652055674803,2970.4723759714784,578,98.62548308625246,30.234211106117435,352.46478083512204,34,Crítico
2016,2,2016-02-25,Nordeste,MA,Cerrado,127.6713532013146,1515.5188876425968,83,38.41375168733173,23.974735015659828,191.5070298019719,23,Alto
2016,2,2016-02-25,Sudeste,SP,Mata Atlântica,78.02531459821097,1727.5203375965793,139,103.70018499715896,33.658249328778155,117.03797189731645,48,Crítico
2016,2,2016-02-25,Sudeste,MG,Cerrado,242.24120372880745,1689.2794848065193,444,57.68670564260123,22.531292011464224,363.36180559321116,42,Baixo
2016,3,2016-03-26,Norte,AM,Amazônia,92.77818090536063,1708.0419371069872,98,26.610760127116684,23.56826632430781,139.16727135804095,49,Alto
2016,3,2016-03-26,Norte,PA,Amazônia,235.78159633603562,2457.0794441923017,215,151.02518125645707,30.975132772181748,353.67239450405344,43,Médio
2016,3,2016-03-26,Centro-Oeste,MT,Cerrado,29.26294852213848,3511.601557963631,61,24.527709584661572,33.3565221133881,43.894422783207716,40,Alto
2016,3,2016-03-26,Centro-Oeste,GO,Cerrado,461.22747626058845,2107.5105925888147,286,241.8603839379184,31.72737597498756,691.8412143908827,43,Baixo
2016,3,2016-03-26,Nordeste,BA,Caatinga,100.4152994846249,2481.888411165528,92,145.3568955573064,30.037312029893847,150.62294922693735,34,Médio
2016,3,2016-03-26,Nordeste,MA,Cerrado,190.76768338918848,3989.8837525350264,271,11.00496086717937,25.28168027647227,286.1515250837827,47,Médio
2016,3,2016-03-26,Sudeste,SP,Mata Atlântica,359.5412970834307,3046.709768462664,823,159.6340455795947,23.39323614741709,539.3119456251461,49,Alto
2016,3,2016-03-26,Sudeste,MG,Cerrado,229.23205974349278,1969.8820145389186,358,80.7729692848143,26.904694120360094,343.8480896152392,19,Crítico
2016,4,2016-04-25,Norte,AM,Amazônia,19.83488691108592,1845.7920279861787,22,98.24920565337439,23.556907713650265,29.752330366628883,40,Crítico
2016,4,2016-04-25,Norte,PA,Amazônia,446.35836756254855,3716.4092765779583,753,236.7513715822015,28.479748586077744,669.5375513438228,48,Baixo
2016,4,2016-04-25,Centro-Oeste,MT,Cerrado,52.59094116283761,3347.3644720835164,82,223.631842255299,27.611574100985834,78.8864117442564,5,Crítico
2016,4,2016-04-25,Centro-Oeste,GO,Cerrado,72.51434836982625,2452.3291855945404,77,193.77517239948037,29.420117960695855,108.77152255473938,36,Baixo
2016,4,2016-04-25,Nordeste,BA,Caatinga,184.48739568994466,3423.0992774275487,456,71.16803752079835,23.32317214406525,276.731093534917,39,Médio
2016,4,2016-04-25,Nordeste,MA,Cerrado,84.9009782003227,1642.7254930382228,84,55.97010721539173,25.706237193020012,127.35146730048405,30,Baixo
2016,4,2016-04-25,Sudeste,SP,Mata Atlântica,94.95306169442986,1320.9349826465689,217,157.3534168710764,27.3351587508656,142.4295925416448,35,Médio
2016,4,2016-04-25,Sudeste,MG,Cerrado,491.36552228521714,2591.4223961829666,355,290.84112998261065,33.251592636621744,737.0482834278257,46,Baixo
2016,5,2016-05-25,Norte,AM,Amazônia,410.36531476514716,1683.5503495602634,416,200.5929659773293,34.08188785865862,615.5479721477208,45,Crítico
2016,5,2016-05-25,Norte,PA,Amazônia,282.8138175768256,2119.916374641137,464,230.84787995758106,24.431568731247804,424.2207263652384,27,Baixo
2016,5,2016-05-25,Centro-Oeste,MT,Cerrado,168.6028258380794,3030.4415147378204,227,72.72291972452408,23.492878721609646,252.90423875711912,49,Baixo
2016,5,2016-05-25,Centro-Oeste,GO,Cerrado,309.20382079639995,3324.952885690449,333,46.308814582260695,28.254821324112626,463.80573119459996,14,Baixo
2016,5,2016-05-25,Nordeste,BA,Caatinga,270.96882195027706,2346.4171127756827,163,40.324403081692274,22.823874616145982,406.4532329254156,35,Médio
2016,5,2016-05-25,Nordeste,MA,Cerrado,495.08051387107315,4239.497783418539,566,76.39219642912916,30.85953538891108,742.6207708066097,38,Médio
2016,5,2016-05-25,Sudeste,SP,Mata Atlântica,382.5116513459464,2886.3047542006334,646,123.55227424418057,26.53528746505894,573.7674770189196,23,Alto
2016,5,2016-05-25,Sudeste,MG,Cerrado,465.46928068143467,4860.10764266605,1005,37.28916704566342,31.501277177647374,698.203921022152,39,Baixo
2016,6,2016-06-24,Norte,AM,Amazônia,469.78682384230854,1265.98506946711,405,222.33619478701772,29.468150471338856,704.6802357634629,7,Crítico
2016,6,2016-06-24,Norte,PA,Amazônia,422.4961006115533,4181.069247439561,329,60.48819601432336,24.127527257254158,633.74415091733,27,Médio
2016,6,2016-06-24,Centro-Oeste,MT,Cerrado,90.49024098618654,3660.7888827848005,192,156.9196274307358,26.664796293605534,135.7353614792798,17,Médio
2016,6,2016-06-24,Centro-Oeste,GO,Cerrado,439.82826499842304,4266.397757886309,565,131.74047257106554,26.9002775825238,659.7423974976346,37,Alto
2016,6,2016-06-24,Nordeste,BA,Caatinga,236.71309497810716,3990.4375207050043,261,150.81611702774376,25.018765036908626,355.06964246716075,49,Alto
2016,6,2016-06-24,Nordeste,MA,Cerrado,450.7915409045385,3174.2114444559543,571,271.94163328936406,30.1150939468819,676.1873113568078,9,Baixo
2016,6,2016-06-24,Sudeste,SP,Mata Atlântica,67.2800399470984,3510.8322122856716,160,100.47168439712584,23.810536944624033,100.9200599206476,37,Baixo
2016,6,2016-06-24,Sudeste,MG,Cerrado,399.072342742445,3133.844367905286,694,268.1677749152873,32.2517637459189,598.6085141136675,13,Crítico
2016,7,2016-07-24,Norte,AM,Amazônia,84.32069106904808,1993.9565592578629,94,223.1838877718031,22.43592165156513,126.48103660357212,37,Crítico
2016,7,2016-07-24,Norte,PA,Amazônia,289.2459455869451,4507.062547046998,585,102.62452461477224,32.67634496073617,433.86891838041765,6,Médio
2016,7,2016-07-24,Centro-Oeste,MT,Cerrado,64.20955110805154,1509.9546493279297,140,119.18618716811018,32.3648397551342,96.31432666207732,50,Médio
2016,7,2016-07-24,Centro-Oeste,GO,Cerrado,83.45953940089915,3889.0102735722653,79,216.0109609638223,30.334919227508863,125.18930910134873,24,Baixo
2016,7,2016-07-24,Nordeste,BA,Caatinga,350.034737788879,2007.196235627811,554,103.70879805117583,24.360770318418535,525.0521066833185,37,Médio
2016,7,2016-07-24,Nordeste,MA,Cerrado,455.1407750534779,2603.4056670545597,758,138.6017410932398,34.3146834149536,682.7111625802169,33,Crítico
2016,7,2016-07-24,Sudeste,SP,Mata Atlântica,85.1421875268793,3023.554715537864,142,183.43627063039435,22.235432389670926,127.71328129031895,27,Médio
2016,7,2016-07-24,Sudeste,MG,Cerrado,437.34071538263424,3260.5327343568356,1033,208.9952471630677,33.99249195530484,656.0110730739514,29,Baixo
2016,8,2016-08-23,Norte,AM,Amazônia,356.5469308135653,3305.1534406672527,287,182.01451391485676,27.51369872693102,534.820396220348,6,Crítico
2016,8,2016-08-23,Norte,PA,Amazônia,370.8576754561142,4702.274051627105,878,135.25181142123964,23.472094595929818,556.2865131841713,35,Baixo
2016,8,2016-08-23,Centro-Oeste,MT,Cerrado,492.57218749154396,1498.6507248130674,1072,276.2525647852117,33.30865270680766,738.858281237316,19,Crítico
2016,8,2016-08-23,Centro-Oeste,GO,Cerrado,264.2306479917753,2596.010815480521,444,16.4284916466094,26.35756414139671,396.34597198766295,44,Médio
2016,8,2016-08-23,Nordeste,BA,Caatinga,403.3981898130256,2333.9966867645767,205,119.450608077283,28.986142838192997,605.0972847195385,22,Baixo
2016,8,2016-08-23,Nordeste,MA,Cerrado,460.72925204225265,2387.812807584911,549,221.2503744329245,27.878833231567494,691.093878063379,37,Alto
2016,8,2016-08-23,Sudeste,SP,Mata Atlântica,120.05636324059117,1563.4280815191994,168,52.91609595186699,28.478781045613236,180.08454486088675,32,Médio
2016,8,2016-08-23,Sudeste,MG,Cerrado,215.27347025722847,2449.5755964665323,501,174.17650508341305,30.219435742953895,322.9102053858427,22,Crítico
2016,9,2016-09-22,Norte,AM,Amazônia,16.41628372828348,1712.1438674790056,29,288.32109524083654,23.93261546079047,24.624425592425222,20,Alto
2016,9,2016-09-22,Norte,PA,Amazônia,213.16582062624164,4987.497007383789,142,150.65850309937278,29.74000522516057,319.7487309393625,30,Crítico
2016,9,2016-09-22,Centro-Oeste,MT,Cerrado,42.867473920329466,1839.6223723823432,85,269.4162868322141,24.666815326266093,64.3012108804942,15,Médio
2016,9,2016-09-22,Centro-Oeste,GO,Cerrado,103.43698312519662,2888.2677804399973,59,169.45233997878492,22.85421231256858,155.15547468779494,16,Alto
2016,9,2016-09-22,Nordeste,BA,Caatinga,390.00853218055516,3097.5610773103203,548,132.22882408146845,27.20991979137924,585.0127982708327,29,Baixo
2016,9,2016-09-22,Nordeste,MA,Cerrado,284.22376234102677,1727.7125219810846,230,258.53568630405516,34.29950100773723,426.3356435115402,21,Crítico
2016,9,2016-09-22,Sudeste,SP,Mata Atlântica,192.92156497707893,3575.998172956063,200,122.62025132942892,22.330022623584483,289.3823474656184,16,Crítico
2016,9,2016-09-22,Sudeste,MG,Cerrado,86.51477270943327,3635.6957676406055,167,8.128797751045047,24.885638105128344,129.77215906414992,15,Crítico
2016,10,2016-10-22,Norte,AM,Amazônia,123.22665032815499,1078.8421510174567,227,31.232574595372153,32.39890910985146,184.8399754922325,17,Baixo
2016,10,2016-10-22,Norte,PA,Amazônia,97.48688440662347,1952.731124186906,176,29.832417827803546,25.161238482992903,146.23032660993522,37,Alto
2016,10,2016-10-22,Centro-Oeste,MT,Cerrado,363.910796609273,4320.879458267967,804,119.15505888553645,30.6851067754184,545.8661949139096,16,Alto
2016,10,2016-10-22,Centro-Oeste,GO,Cerrado,110.44230475375228,4585.343274084479,119,3.9005770532208106,23.111610901108087,165.66345713062842,39,Médio
2016,10,2016-10-22,Nordeste,BA,Caatinga,111.8642650215534,1725.7417403591894,61,174.91246829090764,27.478519157702472,167.7963975323301,25,Baixo
2016,10,2016-10-22,Nordeste,MA,Cerrado,447.40913842771766,2367.2694067915036,955,77.82703002938774,26.936001306174468,671.1137076415765,42,Baixo
2016,10,2016-10-22,Sudeste,SP,Mata Atlântica,299.24452183225577,3496.595631396536,310,122.82349565737213,29.176613351075744,448.8667827483837,17,Crítico
2016,10,2016-10-22,Sudeste,MG,Cerrado,223.70199927630517,4793.813227848626,243,229.08173824792826,23.821471284963884,335.55299891445776,42,Baixo
2016,11,2016-11-21,Norte,AM,Amazônia,435.5493081899773,4578.208907576365,642,239.95657678419457,27.527775558100036,653.323962284966,42,Crítico
2016,11,2016-11-21,Norte,PA,Amazônia,21.009961076857525,3166.536858643468,21,190.04346594784417,25.35253991063163,31.51494161528629,40,Crítico
2016,11,2016-11-21,Centro-Oeste,MT,Cerrado,78.28447629568383,4937.608722814209,169,157.70705469080576,24.231830716027947,117.42671444352575,22,Crítico
2016,11,2016-11-21,Centro-Oeste,GO,Cerrado,143.4305899944908,4657.195226241996,76,35.32532486704234,29.494714181685296,215.14588499173618,42,Baixo
2016,11,2016-11-21,Nordeste,BA,Caatinga,144.28705813673093,3605.6815534074567,232,248.9225411121605,24.68347653288784,216.4305872050964,11,Baixo
2016,11,2016-11-21,Nordeste,MA,Cerrado,15.387956042655434,4600.07456739242,11,262.1670232687546,29.76637032821401,23.08193406398315,45,Alto
2016,11,2016-11-21,Sudeste,SP,Mata Atlântica,304.2532616124902,1701.4851144937984,556,274.32358377748795,27.44401682359695,456.37989241873527,46,Alto
2016,11,2016-11-21,Sudeste,MG,Cerrado,197.73787884225376,1187.8638671002202,304,49.88501062682382,31.594437013542816,296.60681826338066,6,Médio
2016,12,2016-12-21,Norte,AM,Amazônia,50.57134728331197,1981.3964387252838,86,116.78868421259297,25.7530185780191,75.85702092496796,8,Crítico
2016,12,2016-12-21,Norte,PA,Amazônia,184.27963106782508,2188.4868624927003,357,169.92139208906914,28.188655228588296,276.4194466017376,9,Crítico
2016,12,2016-12-21,Centro-Oeste,MT,Cerrado,335.1988710276976,3930.288388841001,795,64.48211357722703,22.4053807557967,502.79830654154637,32,Alto
2016,12,2016-12-21,Centro-Oeste,GO,Cerrado,138.5093817069143,1205.7032539370014,234,148.9098741603709,29.758957035919558,207.76407256037146,26,Médio
2016,12,2016-12-21,Nordeste,BA,Caatinga,173.7795065003108,1426.393012535087,354,22.54133452074263,31.46645383064684,260.66925975046615,36,Crítico
2016,12,2016-12-21,Nordeste,MA,Cerrado,252.79074494103725,2739.309354414985,474,73.92060997173205,32.648330129764595,379.18611741155587,8,Médio
2016,12,2016-12-21,Sudeste,SP,Mata Atlântica,401.7137806947998,2088.580548919851,758,177.06920006072613,26.692660660220348,602.5706710421997,46,Crítico
2016,12,2016-12-21,Sudeste,MG,Cerrado,54.875215930050736,1547.2745236758456,128,285.07120614624074,27.798075048453423,82.31282389507611,39,Crítico
2017,1,2017-01-20,Norte,AM,Amazônia,100.71513513092363,4491.783343505633,159,219.66746592286836,32.48529492219885,151.07270269638545,25,Alto
2017,1,2017-01-20,Norte,PA,Amazônia,332.8038496882515,4396.782606261277,627,74.90040265775578,28.362524527360826,499.20577453237723,20,Médio
2017,1,2017-01-20,Centro-Oeste,MT,Cerrado,118.39262649160509,4776.2373587464535,293,11.82804341055177,31.17247724270395,177.58893973740763,15,Médio
2017,1,2017-01-20,Centro-Oeste,GO,Cerrado,463.37167553367624,3271.780922210518,399,274.6464892764126,22.441297721615385,695.0575133005143,8,Alto
2017,1,2017-01-20,Nordeste,BA,Caatinga,351.73593095095157,4697.5847815061215,385,291.3174735496103,34.27546435847464,527.6038964264274,18,Crítico
2017,1,2017-01-20,Nordeste,MA,Cerrado,242.36496616215726,4378.197594140282,539,95.7301419729767,32.77590116395881,363.54744924323586,38,Baixo
2017,1,2017-01-20,Sudeste,SP,Mata Atlântica,28.133741010591386,1920.0353491508122,47,36.17006573318364,23.00039162117972,42.200611515887076,9,Baixo
2017,1,2017-01-20,Sudeste,MG,Cerrado,351.1815001802885,3899.0670861150456,414,19.60690223968271,26.098774391797935,526.7722502704328,20,Crítico
2017,2,2017-02-19,Norte,AM,Amazônia,274.35073326391523,2275.0100117282796,571,187.76741293110274,33.51771072707044,411.52609989587285,38,Baixo
2017,2,2017-02-19,Norte,PA,Amazônia,311.77296220932925,1097.6031262261522,301,261.029662170279,22.276502341055032,467.65944331399385,21,Alto
2017,2,2017-02-19,Centro-Oeste,MT,Cerrado,438.6038196152577,4756.270794051585,683,239.63497073209962,34.973143436933384,657.9057294228866,36,Baixo
2017,2,2017-02-19,Centro-Oeste,GO,Cerrado,181.848789571338,2607.723654436969,369,143.96268609117266,30.157571021838812,272.773184357007,35,Crítico
2017,2,2017-02-19,Nordeste,BA,Caatinga,438.101785951306,4073.0936554580726,1081,125.33003465020013,27.477641029601912,657.152678926959,24,Crítico
2017,2,2017-02-19,Nordeste,MA,Cerrado,371.41532777855684,1441.8964525255788,363,106.38664729223296,25.734106891503064,557.1229916678353,18,Crítico
2017,2,2017-02-19,Sudeste,SP,Mata Atlântica,155.19097902343515,1168.3727585454476,150,5.362180420024143,34.84039106656841,232.78646853515272,22,Alto
2017,2,2017-02-19,Sudeste,MG,Cerrado,219.60883553057255,3718.5891307722795,278,65.47616635951925,34.34949539135293,329.4132532958588,37,Médio
2017,3,2017-03-21,Norte,AM,Amazônia,395.3090570636205,2670.3231031397136,268,263.7354922686494,34.281516289788335,592.9635855954308,21,Baixo
2017,3,2017-03-21,Norte,PA,Amazônia,239.02674051243616,1668.1357843683008,412,297.350587841093,25.011732117984764,358.54011076865424,50,Baixo
2017,3,2017-03-21,Centro-Oeste,MT,Cerrado,471.93856932621156,3430.9471795154363,849,153.8065533049526,24.998707552330863,707.9078539893173,49,Médio
2017,3,2017-03-21,Centro-Oeste,GO,Cerrado,96.49873568269905,1745.753048577018,90,233.875342070026,26.551628369167492,144.7481035240486,12,Crítico
2017,3,2017-03-21,Nordeste,BA,Caatinga,38.34291151606422,4535.143539853703,93,278.3256849585639,34.933801694403655,57.51436727409633,33,Baixo
2017,3,2017-03-21,Nordeste,MA,Cerrado,95.20867211754877,4032.9539028163654,123,208.80618541613768,24.000646782418116,142.81300817632317,29,Baixo
2017,3,2017-03-21,Sudeste,SP,Mata Atlântica,409.7582312454027,1895.2704592904925,388,161.09232686802406,29.708219152942142,614.637346868104,30,Médio
2017,3,2017-03-21,Sudeste,MG,Cerrado,294.24224184052747,4509.843450521521,200,79.68001277661182,23.683693976676455,441.36336276079123,5,Crítico
2017,4,2017-04-20,Norte,AM,Amazônia,445.4865591357988,4448.510469061803,1074,242.85482241746342,30.518145748307283,668.2298387036982,46,Crítico
2017,4,2017-04-20,Norte,PA,Amazônia,279.9201115984783,2633.8128522827947,188,111.8065551036942,25.37679918888424,419.8801673977174,29,Crítico
2017,4,2017-04-20,Centro-Oeste,MT,Cerrado,364.4758557074066,1324.1848636305917,543,66.0549605849434,30.882363927574747,546.71378356111,32,Médio
2017,4,2017-04-20,Centro-Oeste,GO,Cerrado,47.30412115024709,2980.586108055897,104,144.1759731979944,29.70130120057373,70.95618172537064,7,Baixo
2017,4,2017-04-20,Nordeste,BA,Caatinga,414.0936733033231,3712.0646102362543,495,169.7195891987373,25.471367512202477,621.1405099549846,43,Alto
2017,4,2017-04-20,Nordeste,MA,Cerrado,440.5286933140274,3633.807338633702,922,255.17451872827257,33.27482461247743,660.7930399710411,47,Baixo
2017,4,2017-04-20,Sudeste,SP,Mata Atlântica,357.097858590367,3789.8858466771344,776,204.04223152809013,30.041947916797398,535.6467878855506,5,Crítico
2017,4,2017-04-20,Sudeste,MG,Cerrado,378.8311533832442,4523.483036795714,309,261.5530583235696,22.380214679449267,568.2467300748663,42,Médio
2017,5,2017-05-20,Norte,AM,Amazônia,414.6502077767337,2340.4754170365677,314,223.05247688748233,24.089878648628005,621.9753116651005,47,Alto
2017,5,2017-05-20,Norte,PA,Amazônia,410.80384181834046,3029.8709350433446,889,1.915761515050074,25.731495731273867,616.2057627275107,20,Médio
2017,5,2017-05-20,Centro-Oeste,MT,Cerrado,312.29419000411366,3527.2541080666733,768,77.94107431924793,30.242074140294946,468.44128500617046,8,Crítico
2017,5,2017-05-20,Centro-Oeste,GO,Cerrado,274.5928360607692,1427.9225553078336,565,228.3083707506084,29.036465522789435,411.88925409115376,45,Médio
2017,5,2017-05-20,Nordeste,BA,Caatinga,481.86608189090737,3530.4875725357924,570,279.60843165300525,23.33262646387883,722.799122836361,7,Crítico
2017,5,2017-05-20,Nordeste,MA,Cerrado,469.24195874586104,1271.3482364206875,880,90.28907008404488,31.20623715238866,703.8629381187916,12,Crítico
2017,5,2017-05-20,Sudeste,SP,Mata Atlântica,43.00179471969813,2383.532227811827,71,186.27465533024312,22.594646439562666,64.5026920795472,46,Alto
2017,5,2017-05-20,Sudeste,MG,Cerrado,437.0530350146644,4875.511421142766,1069,224.89554952287742,23.691121121698217,655.5795525219966,5,Crítico
2017,6,2017-06-19,Norte,AM,Amazônia,381.5489660052211,1088.494206115989,209,97.08306574486237,28.352361475260654,572.3234490078316,5,Crítico
2017,6,2017-06-19,Norte,PA,Amazônia,387.4996347258187,2783.610825506993,723,82.08799988449977,34.96261850205025,581.249452088728,49,Médio
2017,6,2017-06-19,Centro-Oeste,MT,Cerrado,218.82883809562674,1654.4952847666768,306,238.44286462497882,31.017868935159353,328.24325714344013,50,Crítico
2017,6,2017-06-19,Centro-Oeste,GO,Cerrado,118.17711026649259,3721.9972082988525,78,196.35336428434056,25.55237385097672,177.26566539973888,28,Médio
2017,6,2017-06-19,Nordeste,BA,Caatinga,475.92314550270106,2729.3392041704074,381,283.0847760502797,27.45645512003959,713.8847182540516,29,Alto
2017,6,2017-06-19,Nordeste,MA,Cerrado,322.8777143554019,2096.86080939468,418,295.19329438794847,27.32134208209556,484.3165715331029,9,Médio
2017,6,2017-06-19,Sudeste,SP,Mata Atlântica,448.10860980277585,1852.418816100333,430,9.340224865353408,30.471668729886506,672.1629147041638,17,Médio
2017,6,2017-06-19,Sudeste,MG,Cerrado,190.57790842464297,2892.8396267662283,424,290.45802837441653,24.411831704140575,285.86686263696447,28,Crítico
2017,7,2017-07-19,Norte,AM,Amazônia,435.6253522982493,4083.687378576208,894,253.4349684350663,31.893311882258985,653.438028447374,7,Crítico
2017,7,2017-07-19,Norte,PA,Amazônia,316.84795759939357,1130.1047179650077,241,276.25435434470603,30.016454088769592,475.27193639909035,28,Médio
2017,7,2017-07-19,Centro-Oeste,MT,Cerrado,400.3032725783264,1469.2327558495779,585,37.55573766076513,30.91234873397663,600.4549088674896,44,Baixo
2017,7,2017-07-19,Centro-Oeste,GO,Cerrado,220.8498885007367,2966.378186965748,198,19.262681122540226,29.565628224887185,331.27483275110507,14,Alto
2017,7,2017-07-19,Nordeste,BA,Caatinga,141.80676817319787,2241.447835694295,297,136.56604472454035,22.151067018805307,212.7101522597968,16,Médio
2017,7,2017-07-19,Nordeste,MA,Cerrado,45.49897501933385,2919.7553388684937,58,180.0061644357911,25.791613523220942,68.24846252900078,45,Crítico
2017,7,2017-07-19,Sudeste,SP,Mata Atlântica,350.54112420200585,4119.4039555734,778,11.885647604507144,28.246590314351778,525.8116863030087,37,Médio
2017,7,2017-07-19,Sudeste,MG,Cerrado,61.41578742490569,4946.650373068585,60,42.74866287045397,28.48554599486763,92.12368113735853,38,Alto
2017,8,2017-08-18,Norte,AM,Amazônia,312.89630981587834,3238.5947339476566,596,2.9312542257550978,26.243997007171895,469.3444647238175,43,Baixo
2017,8,2017-08-18,Norte,PA,Amazônia,263.67870525850856,2402.5077248367234,178,9.96093263740997,23.02152046301527,395.51805788776284,40,Crítico
2017,8,2017-08-18,Centro-Oeste,MT,Cerrado,204.49240533878208,3270.1633930462326,156,206.83949074117973,32.40762708841808,306.7386080081731,10,Crítico
2017,8,2017-08-18,Centro-Oeste,GO,Cerrado,108.07361967995695,1418.271361337601,90,190.92907486309102,31.184184444329716,162.11042951993542,42,Baixo
2017,8,2017-08-18,Nordeste,BA,Caatinga,25.4772109645646,1207.8851346058896,60,162.38890059032113,31.21778675286191,38.2158164468469,29,Médio
2017,8,2017-08-18,Nordeste,MA,Cerrado,436.7748706355819,4206.9123322791675,842,101.83505776284181,32.59272647870466,655.1623059533729,26,Baixo
2017,8,2017-08-18,Sudeste,SP,Mata Atlântica,49.25627472849082,3190.369504614945,112,245.1893309887481,27.8801376987379,73.88441209273623,50,Baixo
2017,8,2017-08-18,Sudeste,MG,Cerrado,325.3530706462972,3926.3580870213273,505,24.488994609176874,22.78457709187733,488.0296059694458,45,Alto
2017,9,2017-09-17,Norte,AM,Amazônia,131.08058466497175,4487.1342663688065,107,65.76419620741329,34.686248325648705,196.62087699745763,26,Crítico
2017,9,2017-09-17,Norte,PA,Amazônia,175.07893796784236,4158.794028569917,151,197.61233265026283,28.476544313890805,262.6184069517635,20,Crítico
2017,9,2017-09-17,Centro-Oeste,MT,Cerrado,282.1281399594393,1913.8189653251948,546,298.90017481702256,34.67231110790818,423.19220993915894,47,Baixo
2017,9,2017-09-17,Centro-Oeste,GO,Cerrado,328.6595863099991,3720.912969725165,295,21.659522693752752,22.39848252867548,492.98937946499865,32,Alto
2017,9,2017-09-17,Nordeste,BA,Caatinga,136.2646153704947,4473.090021633522,194,218.1507209298924,31.655184775599754,204.39692305574206,9,Médio
2017,9,2017-09-17,Nordeste,MA,Cerrado,218.49173387955693,2484.155051938411,260,296.29486912081734,22.521419488362273,327.7376008193354,11,Baixo
2017,9,2017-09-17,Sudeste,SP,Mata Atlântica,434.8454330999998,2754.461676758362,720,217.57729812454096,28.326696238521137,652.2681496499997,29,Alto
2017,9,2017-09-17,Sudeste,MG,Cerrado,437.9773866600137,2686.883707493822,1007,83.04833917051548,29.70055427171371,656.9660799900205,27,Médio
2017,10,2017-10-17,Norte,AM,Amazônia,457.0580393521786,3491.866334253931,421,189.46806602775615,31.530469291398653,685.5870590282678,17,Baixo
2017,10,2017-10-17,Norte,PA,Amazônia,74.4681657123573,4636.130082662564,143,53.90493266107259,25.08806322401041,111.70224856853596,35,Alto
2017,10,2017-10-17,Centro-Oeste,MT,Cerrado,485.9835960804034,4417.540373478317,418,147.68335693441043,25.2140039672413,728.9753941206051,37,Baixo
2017,10,2017-10-17,Centro-Oeste,GO,Cerrado,436.6674516235306,3059.2694157187607,607,107.77001081992971,29.708361068654057,655.0011774352959,30,Alto
2017,10,2017-10-17,Nordeste,BA,Caatinga,90.12669756666115,4877.6492893411505,115,77.44002981033826,30.5375766390368,135.19004634999172,48,Baixo
2017,10,2017-10-17,Nordeste,MA,Cerrado,169.3431314701005,1523.4946428733992,346,290.9463135235634,27.899264037987308,254.01469720515075,28,Médio
2017,10,2017-10-17,Sudeste,SP,Mata Atlântica,125.66472703976734,1679.031620350163,81,155.9321845668053,26.38104129360672,188.497090559651,24,Alto
2017,10,2017-10-17,Sudeste,MG,Cerrado,416.15284928247866,1994.8570903505197,566,185.143495981209,31.188103819510793,624.229273923718,40,Crítico
2017,11,2017-11-16,Norte,AM,Amazônia,91.85053487146543,1146.685707734172,76,220.92060451969215,30.629458859083464,137.77580230719815,46,Alto
2017,11,2017-11-16,Norte,PA,Amazônia,242.5691291174088,4222.680611800213,530,175.60630931902566,33.28752664667236,363.8536936761132,37,Médio
2017,11,2017-11-16,Centro-Oeste,MT,Cerrado,110.86219291801645,2078.9984460679584,80,17.126056826794457,28.905203864013416,166.29328937702468,18,Crítico
2017,11,2017-11-16,Centro-Oeste,GO,Cerrado,468.93678922453114,1488.4396560401071,271,135.6597084850306,34.14037522786276,703.4051838367967,5,Crítico
2017,11,2017-11-16,Nordeste,BA,Caatinga,164.91649143860775,1166.2914362015683,249,44.50296028862666,34.82619159846501,247.37473715791162,34,Médio
2017,11,2017-11-16,Nordeste,MA,Cerrado,482.9081612536623,4807.247141692956,246,191.7359813446501,33.28293782876029,724.3622418804935,16,Baixo
2017,11,2017-11-16,Sudeste,SP,Mata Atlântica,232.82252926059095,2955.3863210276804,356,200.0592772638313,23.81546631183207,349.23379389088643,33,Alto
2017,11,2017-11-16,Sudeste,MG,Cerrado,24.687059037612197,3818.7230509465867,27,60.55603563688451,30.754621633223927,37.030588556418294,5,Crítico
2017,12,2017-12-16,Norte,AM,Amazônia,485.25690259256254,3690.4084729005053,333,133.12506579137136,33.28584930690757,727.8853538888438,35,Baixo
2017,12,2017-12-16,Norte,PA,Amazônia,96.8033968292191,4352.461158592441,182,283.38426584220696,30.882224367765396,145.20509524382865,15,Médio
2017,12,2017-12-16,Centro-Oeste,MT,Cerrado,253.6156343641294,4475.619937914873,440,171.1829239916489,22.39503177605888,380.4234515461941,7,Alto
2017,12,2017-12-16,Centro-Oeste,GO,Cerrado,466.1648607984191,3706.053543108986,875,64.70254571931515,30.56551111302454,699.2472911976287,36,Crítico
2017,12,2017-12-16,Nordeste,BA,Caatinga,202.99355877053765,1426.3721212319629,365,197.3535913809108,34.992378435018665,304.49033815580646,13,Alto
2017,12,2017-12-16,Nordeste,MA,Cerrado,33.62389904167245,2627.6318428914824,82,261.22603510117773,32.171011292757555,50.43584856250868,35,Médio
2017,12,2017-12-16,Sudeste,SP,Mata Atlântica,287.83796788346723,4514.062245205392,569,121.2420964953099,26.2514311003221,431.7569518252009,35,Alto
2017,12,2017-12-16,Sudeste,MG,Cerrado,337.1207589261565,4049.140539106463,713,239.34409465759035,27.662583092568127,505.6811383892348,46,Médio
2018,1,2018-01-15,Norte,AM,Amazônia,410.7387659257606,3177.9563918433983,304,1.7275981494364712,26.219615788703514,616.1081488886409,47,Crítico
2018,1,2018-01-15,Norte,PA,Amazônia,189.56615208698497,3781.868826759449,244,116.56743038110372,27.8330170940929,284.34922813047746,50,Alto
2018,1,2018-01-15,Centro-Oeste,MT,Cerrado,126.39662412842046,1909.078509052606,157,21.958777130533093,29.844831713957912,189.59493619263068,19,Baixo
2018,1,2018-01-15,Centro-Oeste,GO,Cerrado,337.42427129195795,2853.9761752022896,586,113.93573405376894,33.223337444433724,506.13640693793695,35,Médio
2018,1,2018-01-15,Nordeste,BA,Caatinga,264.35007471674686,1102.5682632257428,385,102.3743482878469,26.94254304421614,396.5251120751203,43,Crítico
2018,1,2018-01-15,Nordeste,MA,Cerrado,205.42316263948123,3134.410186907514,341,182.3715278380334,31.943482400047667,308.13474395922185,16,Alto
2018,1,2018-01-15,Sudeste,SP,Mata Atlântica,408.3630119708858,4822.094783819739,790,5.469774802908489,24.5451138138861,612.5445179563287,30,Crítico
2018,1,2018-01-15,Sudeste,MG,Cerrado,13.705808739289639,4592.122195799948,24,73.04468897288979,34.051449082351986,20.55871310893446,19,Baixo
2018,2,2018-02-14,Norte,AM,Amazônia,39.531021241884815,2406.4907489585376,93,30.426248534764955,28.316332869422233,59.29653186282722,24,Baixo
2018,2,2018-02-14,Norte,PA,Amazônia,135.82051818304888,2229.159859705146,145,240.90776934979903,29.009096596778306,203.7307772745733,30,Crítico
2018,2,2018-02-14,Centro-Oeste,MT,Cerrado,162.5407725864418,3864.6026968927745,279,81.78720022006013,27.376138319829572,243.81115887966268,38,Alto
2018,2,2018-02-14,Centro-Oeste,GO,Cerrado,69.7241857351043,3724.4714158599313,60,54.43150430868808,28.827123987671783,104.58627860265645,34,Baixo
2018,2,2018-02-14,Nordeste,BA,Caatinga,357.432668243992,3269.2488785156143,255,76.96883511040913,34.518049378088534,536.149002365988,30,Baixo
2018,2,2018-02-14,Nordeste,MA,Cerrado,246.93736689276312,3200.906168625047,521,13.02375985644575,30.23096788272229,370.4060503391447,42,Alto
2018,2,2018-02-14,Sudeste,SP,Mata Atlântica,476.18763768126195,4276.755437707161,811,265.26193900452233,24.965037035336124,714.2814565218929,12,Baixo
2018,2,2018-02-14,Sudeste,MG,Cerrado,113.90197155503105,2644.113879226819,196,251.9583908600161,33.700300604174146,170.85295733254657,16,Alto
2018,3,2018-03-16,Norte,AM,Amazônia,183.17647585833188,4122.102060975447,178,82.44181066444082,32.69398614067782,274.76471378749784,42,Crítico
2018,3,2018-03-16,Norte,PA,Amazônia,217.63174428789378,1382.1412553386726,399,187.1577974029719,27.87297982358398,326.4476164318407,24,Baixo
2018,3,2018-03-16,Centro-Oeste,MT,Cerrado,297.4381469559823,3947.4949797767285,248,258.83912326296854,24.817617401180083,446.1572204339734,26,Médio
2018,3,2018-03-16,Centro-Oeste,GO,Cerrado,56.90013220487925,3567.886001773064,31,182.12821082663422,29.10706636528291,85.35019830731888,15,Médio
2018,3,2018-03-16,Nordeste,BA,Caatinga,123.65407709682795,3377.9053407446922,158,149.0300576577508,34.841211762793534,185.4811156452419,8,Crítico
2018,3,2018-03-16,Nordeste,MA,Cerrado,76.85547875279923,2617.2750724171683,145,128.45988447768443,31.32877095355629,115.28321812919884,50,Médio
2018,3,2018-03-16,Sudeste,SP,Mata Atlântica,349.29371414894115,1513.5771578165009,867,31.2328948152499,31.416404622673635,523.9405712234118,29,Médio
2018,3,2018-03-16,Sudeste,MG,Cerrado,293.40958933314045,1317.6774759559464,307,25.69747487892916,33.62448137063354,440.11438399971064,26,Alto
2018,4,2018-04-15,Norte,AM,Amazônia,104.01498911218403,1906.625608907952,119,106.49889174958119,22.902509955699212,156.02248366827604,50,Alto
2018,4,2018-04-15,Norte,PA,Amazônia,264.3392975450525,4201.426031289446,167,70.11362457312991,29.020154889858638,396.50894631757876,43,Médio
2018,4,2018-04-15,Centro-Oeste,MT,Cerrado,441.23875290511455,3131.831146205341,795,97.30012593461268,26.329024869756573,661.8581293576718,41,Baixo
2018,4,2018-04-15,Centro-Oeste,GO,Cerrado,338.04860804711313,3647.3567593975145,841,167.33502521100746,31.4984566331102,507.0729120706697,24,Crítico
2018,4,2018-04-15,Nordeste,BA,Caatinga,237.95075001902188,3249.1872635116392,147,287.28758535161404,24.278938250649574,356.92612502853285,6,Baixo
2018,4,2018-04-15,Nordeste,MA,Cerrado,348.1023965021262,3143.310737892325,313,29.002934894015887,27.854822171356407,522.1535947531893,14,Crítico
2018,4,2018-04-15,Sudeste,SP,Mata Atlântica,380.5200311586706,3659.6468979488723,454,238.63498823691876,34.05331165323288,570.7800467380059,41,Crítico
2018,4,2018-04-15,Sudeste,MG,Cerrado,124.97462010917224,1609.6640533216696,162,297.7450506475126,34.05101258301584,187.46193016375835,28,Crítico
2018,5,2018-05-15,Norte,AM,Amazônia,274.5789938374742,3083.8319090881687,599,187.07570640082793,23.158617617508217,411.86849075621126,47,Baixo
2018,5,2018-05-15,Norte,PA,Amazônia,380.0825060434359,4304.270521010114,287,234.60842630111577,31.213681070658694,570.1237590651539,49,Crítico
2018,5,2018-05-15,Centro-Oeste,MT,Cerrado,27.718586457133437,2052.4502796433717,30,108.04092224145573,23.1393557079299,41.577879685700154,20,Médio
2018,5,2018-05-15,Centro-Oeste,GO,Cerrado,469.10933328522077,2222.097242632094,754,119.09445512228503,27.81363302656286,703.6639999278311,29,Alto
2018,5,2018-05-15,Nordeste,BA,Caatinga,304.29122334670245,4677.567892857669,465,149.08904487174908,34.898054192703064,456.43683502005365,38,Crítico
2018,5,2018-05-15,Nordeste,MA,Cerrado,427.1982292950969,4722.380858575665,391,34.90991936564283,32.626846210385494,640.7973439426453,44,Médio
2018,5,2018-05-15,Sudeste,SP,Mata Atlântica,196.50541380352425,4472.226760429801,443,241.77762003528633,32.2703956719918,294.7581207052864,25,Alto
2018,5,2018-05-15,Sudeste,MG,Cerrado,159.29277815804,2611.9207150606458,105,52.0573544959526,31.034364155732,238.93916723706,13,Crítico
2018,6,2018-06-14,Norte,AM,Amazônia,179.5888660035149,3563.888309381328,440,246.74416909030828,23.72282074564403,269.38329900527236,7,Baixo
2018,6,2018-06-14,Norte,PA,Amazônia,432.38709631358506,2948.247675275744,1014,181.87588132529322,31.94252741173894,648.5806444703776,5,Médio
2018,6,2018-06-14,Centro-Oeste,MT,Cerrado,95.67092735760215,2594.6521110892527,143,43.912197648674734,26.77794748978991,143.50639103640322,30,Baixo
2018,6,2018-06-14,Centro-Oeste,GO,Cerrado,43.40443159889185,1540.6651566192909,23,288.93453347675216,29.143883966635222,65.10664739833777,6,Crítico
2018,6,2018-06-14,Nordeste,BA,Caatinga,483.2528589650778,2247.2645323410384,659,151.84255885207324,27.71365195222783,724.8792884476167,20,Médio
2018,6,2018-06-14,Nordeste,MA,Cerrado,61.77569528825452,1864.1527300383984,110,185.8763864693489,30.452614201175994,92.66354293238177,35,Alto
2018,6,2018-06-14,Sudeste,SP,Mata Atlântica,84.49217803303758,4123.046344273759,52,137.94012713079604,22.756129341571185,126.73826704955636,45,Baixo
2018,6,2018-06-14,Sudeste,MG,Cerrado,497.4844954131859,3780.1409154342127,306,295.10367757902407,25.109341354807032,746.2267431197789,46,Alto
2018,7,2018-07-14,Norte,AM,Amazônia,79.70219065672613,2213.100590270382,59,30.31374330319401,30.998097442023713,119.55328598508919,22,Crítico
2018,7,2018-07-14,Norte,PA,Amazônia,40.52298108373072,4986.787415411907,61,244.19108085180565,29.99785269700314,60.78447162559608,47,Crítico
2018,7,2018-07-14,Centro-Oeste,MT,Cerrado,160.06427418543973,3108.1658556466064,279,127.82501516711145,23.699234897622592,240.0964112781596,15,Alto
2018,7,2018-07-14,Centro-Oeste,GO,Cerrado,444.4360654678287,1778.4900472830602,622,110.32780526318689,27.38368678287605,666.6540982017431,24,Médio
2018,7,2018-07-14,Nordeste,BA,Caatinga,415.4935688277684,4077.2195745653594,817,3.309379328594164,27.4100019763369,623.2403532416527,13,Médio
2018,7,2018-07-14,Nordeste,MA,Cerrado,245.85863430130857,2039.2528349801369,132,228.0869469366405,23.78242617447699,368.78795145196284,36,Alto
2018,7,2018-07-14,Sudeste,SP,Mata Atlântica,272.3019644117699,1048.4830985755732,253,72.36043727986244,34.6863588138307,408.4529466176549,16,Alto
2018,7,2018-07-14,Sudeste,MG,Cerrado,402.7531848226649,2951.41617570545,974,32.92085960325105,29.12347335665801,604.1297772339973,38,Baixo
2018,8,2018-08-13,Norte,AM,Amazônia,232.64489393438083,1392.3303231369782,509,146.47234110653346,23.950632641021794,348.9673409015712,11,Alto
2018,8,2018-08-13,Norte,PA,Amazônia,169.0912041761294,2904.072517475066,333,112.7664855437308,27.12819162141046,253.6368062641941,50,Alto
2018,8,2018-08-13,Centro-Oeste,MT,Cerrado,235.12891651893347,4568.338755760938,486,286.60040595117846,32.22974402131884,352.6933747784002,5,Médio
2018,8,2018-08-13,Centro-Oeste,GO,Cerrado,164.54937891652622,2750.4124962215674,308,76.40118661381536,32.93133053253699,246.82406837478933,37,Baixo
2018,8,2018-08-13,Nordeste,BA,Caatinga,28.82891099153925,2845.909858498937,66,191.16044304248413,30.571600988675176,43.243366487308876,41,Alto
2018,8,2018-08-13,Nordeste,MA,Cerrado,448.6076929462028,3455.734339040247,795,19.99561216820699,28.739304285287652,672.9115394193042,11,Alto
2018,8,2018-08-13,Sudeste,SP,Mata Atlântica,83.58281040035041,3048.887683250698,165,204.068333762506,22.541747707830996,125.37421560052562,40,Baixo
2018,8,2018-08-13,Sudeste,MG,Cerrado,51.54808786244358,1288.3373439946936,99,21.37701832957758,22.15741017805354,77.32213179366536,28,Alto
2018,9,2018-09-12,Norte,AM,Amazônia,478.68568516674526,2413.0056340082565,945,88.96067438629657,26.546141986696043,718.0285277501179,24,Médio
2018,9,2018-09-12,Norte,PA,Amazônia,389.5802302787791,1740.7822714698718,710,52.2328006002253,23.279143446274166,584.3703454181687,21,Crítico
2018,9,2018-09-12,Centro-Oeste,MT,Cerrado,333.5483326536557,2060.185713300016,676,6.283488309273844,23.068231677193555,500.3224989804835,49,Crítico
2018,9,2018-09-12,Centro-Oeste,GO,Cerrado,484.25141707406493,4076.8925913525345,528,187.39907065627912,26.965215315487647,726.3771256110974,49,Alto
2018,9,2018-09-12,Nordeste,BA,Caatinga,110.786758475822,3460.0518721554663,82,232.3901341913364,30.370755296034698,166.180137713733,7,Crítico
2018,9,2018-09-12,Nordeste,MA,Cerrado,269.8480452920876,4873.955110377536,157,239.61425749637237,25.806686477112542,404.7720679381314,8,Alto
2018,9,2018-09-12,Sudeste,SP,Mata Atlântica,490.1854613858368,3329.690632828986,835,224.42195382885964,32.553007245171784,735.2781920787552,13,Crítico
2018,9,2018-09-12,Sudeste,MG,Cerrado,331.6745175924363,2353.0700239779935,250,278.4250920978149,24.920002953970076,497.5117763886544,20,Baixo
2018,10,2018-10-12,Norte,AM,Amazônia,192.36184168038153,2757.6199587778087,262,183.88187474835766,34.2599858906812,288.5427625205723,9,Médio
2018,10,2018-10-12,Norte,PA,Amazônia,127.93942879792743,1789.8819594397492,95,266.07747006278083,30.395540564517677,191.90914319689114,22,Médio
2018,10,2018-10-12,Centro-Oeste,MT,Cerrado,150.09432672718847,4445.479985453744,319,253.9543016070834,33.946044937314205,225.14149009078272,29,Alto
2018,10,2018-10-12,Centro-Oeste,GO,Cerrado,133.59809988494717,2842.15798909656,268,252.59956586701847,31.47037880310097,200.39714982742078,50,Médio
2018,10,2018-10-12,Nordeste,BA,Caatinga,390.45924878486505,1709.7150778788275,707,163.5080756690815,34.800706613818605,585.6888731772976,42,Alto
2018,10,2018-10-12,Nordeste,MA,Cerrado,469.32015258358825,1659.2592629177484,275,39.51863203636857,31.437738829808843,703.9802288753824,26,Alto
2018,10,2018-10-12,Sudeste,SP,Mata Atlântica,410.71481162990307,3023.410771807316,380,252.21090840336,31.526420081961255,616.0722174448546,48,Crítico
2018,10,2018-10-12,Sudeste,MG,Cerrado,275.69623069100567,3033.44218766512,463,89.26453539564618,29.34528590716721,413.5443460365085,27,Baixo
2018,11,2018-11-11,Norte,AM,Amazônia,347.55379800454443,3545.1654159169925,780,228.3364611129474,24.08093125440945,521.3306970068166,39,Baixo
2018,11,2018-11-11,Norte,PA,Amazônia,236.16316246569704,1986.7154580864922,122,217.93851453390144,34.893529367541724,354.24474369854556,24,Alto
2018,11,2018-11-11,Centro-Oeste,MT,Cerrado,58.597268797735794,4200.283874796638,76,61.210690388669654,29.21610434092972,87.89590319660368,22,Crítico
2018,11,2018-11-11,Centro-Oeste,GO,Cerrado,369.20493505454067,1752.0989384616646,639,106.61537060572182,32.18929319831017,553.807402581811,49,Alto
2018,11,2018-11-11,Nordeste,BA,Caatinga,281.57099192468814,4043.9630401123754,143,10.593406482071721,31.694539175506016,422.35648788703224,38,Crítico
2018,11,2018-11-11,Nordeste,MA,Cerrado,109.21547448096634,2471.7630052083377,263,98.07948490142373,23.93554465432178,163.8232117214495,45,Baixo
2018,11,2018-11-11,Sudeste,SP,Mata Atlântica,159.7460655902053,4985.337350508989,359,110.4928591520545,27.831938202409052,239.61909838530795,25,Alto
2018,11,2018-11-11,Sudeste,MG,Cerrado,363.81475971934117,3372.1773367471365,826,117.4577094533488,27.36408393103211,545.7221395790118,17,Alto
2018,12,2018-12-11,Norte,AM,Amazônia,350.8528917834354,3478.3573498393625,177,106.64790313240722,32.324565306602096,526.2793376751531,40,Crítico
2018,12,2018-12-11,Norte,PA,Amazônia,55.56541351333476,2923.891559544495,93,192.69765777156823,22.84309672827859,83.34812027000214,26,Médio
2018,12,2018-12-11,Centro-Oeste,MT,Cerrado,294.1920558397843,3242.640377664684,477,181.04629997893645,30.79408318394271,441.28808375967645,44,Crítico
2018,12,2018-12-11,Centro-Oeste,GO,Cerrado,404.44460984357715,4300.197640720248,420,149.4767046790361,23.001757628746304,606.6669147653657,35,Crítico
2018,12,2018-12-11,Nordeste,BA,Caatinga,38.689955329549804,4139.58790844587,45,212.30428042227473,32.251994540741286,58.034932994324706,5,Baixo
2018,12,2018-12-11,Nordeste,MA,Cerrado,263.4618376563886,1589.8101068251358,363,98.45782608279346,27.64225176026038,395.1927564845829,17,Médio
2018,12,2018-12-11,Sudeste,SP,Mata Atlântica,53.414210543012445,3392.9011762549553,50,220.69893427175694,34.978517648108344,80.12131581451867,10,Baixo
2018,12,2018-12-11,Sudeste,MG,Cerrado,467.2255323583433,2684.992213176288,834,190.85320941246982,32.213471035043014,700.8382985375149,47,Médio
2019,1,2019-01-10,Norte,AM,Amazônia,67.98473355245979,4359.209142542469,89,115.1498855799132,29.434339525953426,101.97710032868969,40,Baixo
2019,1,2019-01-10,Norte,PA,Amazônia,298.00698682247713,2448.9417666091535,258,100.35338662257965,22.34055721091684,447.0104802337157,25,Crítico
2019,1,2019-01-10,Centro-Oeste,MT,Cerrado,21.85396430676407,2092.2832398912497,47,155.42362987164464,25.88343245665405,32.780946460146104,34,Alto
2019,1,2019-01-10,Centro-Oeste,GO,Cerrado,470.93283010651686,2718.6272509557402,479,261.81907514538057,32.94513636829351,706.3992451597753,37,Médio
2019,1,2019-01-10,Nordeste,BA,Caatinga,101.18969474467589,2832.7475469515707,213,144.89066162560655,23.73523964140727,151.78454211701384,29,Baixo
2019,1,2019-01-10,Nordeste,MA,Cerrado,49.49474174099108,2985.844609421199,96,131.05521078455388,31.483606972481155,74.24211261148662,23,Baixo
2019,1,2019-01-10,Sudeste,SP,Mata Atlântica,385.1013205056438,3440.900597910565,314,40.606224683305655,31.767876118377593,577.6519807584657,17,Baixo
2019,1,2019-01-10,Sudeste,MG,Cerrado,331.90802657089836,1275.8320654256847,800,17.116416345376294,25.6684319710116,497.86203985634756,28,Baixo
2019,2,2019-02-09,Norte,AM,Amazônia,138.23578503059392,4625.018322084146,137,74.86385995485183,25.535346439672203,207.3536775458909,33,Crítico
2019,2,2019-02-09,Norte,PA,Amazônia,382.10514858480224,4106.842227820725,534,19.609847269315573,28.338425517753997,573.1577228772034,20,Alto
2019,2,2019-02-09,Centro-Oeste,MT,Cerrado,26.47066408980849,4625.749813377644,16,41.773611335278545,28.921468869577822,39.705996134712734,34,Médio
2019,2,2019-02-09,Centro-Oeste,GO,Cerrado,211.4368452743462,4599.33338274909,252,6.54701903264685,30.629265920282656,317.15526791151933,17,Crítico
2019,2,2019-02-09,Nordeste,BA,Caatinga,482.0632727646397,4747.289848132367,781,15.677363785807131,27.4443131479641,723.0949091469595,35,Alto
2019,2,2019-02-09,Nordeste,MA,Cerrado,137.47731757140508,4925.188361988987,269,76.95901873327435,30.504269819162968,206.21597635710762,31,Médio
2019,2,2019-02-09,Sudeste,SP,Mata Atlântica,107.06784005227266,2855.729946753345,174,291.6015988894611,29.910854545054065,160.60176007840897,5,Alto
2019,2,2019-02-09,Sudeste,MG,Cerrado,181.2581223225412,1604.987314939738,131,67.59507898537052,25.262566597423874,271.8871834838118,40,Médio
2019,3,2019-03-11,Norte,AM,Amazônia,426.80186834215755,3093.5636454974656,692,34.430661560765245,33.18181601354266,640.2028025132363,34,Alto
2019,3,2019-03-11,Norte,PA,Amazônia,364.17900857215704,3831.3403889190745,231,163.0614652027938,23.062429494708116,546.2685128582356,20,Crítico
2019,3,2019-03-11,Centro-Oeste,MT,Cerrado,234.56731434904165,1663.0981606531032,344,283.7094441000847,33.0496798292486,351.85097152356246,43,Crítico
2019,3,2019-03-11,Centro-Oeste,GO,Cerrado,337.82094529126306,2647.0621663380343,481,195.29204014528625,29.090614302289772,506.73141793689456,35,Crítico
2019,3,2019-03-11,Nordeste,BA,Caatinga,40.51382188212395,4225.614468931358,61,137.77196327908743,22.67543550820549,60.770732823185924,22,Crítico
2019,3,2019-03-11,Nordeste,MA,Cerrado,395.27631769817623,2034.483339552155,356,49.411906029688765,26.29279584332947,592.9144765472644,39,Alto
2019,3,2019-03-11,Sudeste,SP,Mata Atlântica,380.80823778743115,1819.5250966028502,585,263.34902344561226,33.43456411436988,571.2123566811467,35,Crítico
2019,3,2019-03-11,Sudeste,MG,Cerrado,436.58342827254336,2804.9573767239526,426,295.4968968422625,32.03616219202988,654.875142408815,17,Baixo
2019,4,2019-04-10,Norte,AM,Amazônia,23.312036400524313,2855.725507249331,14,272.766061758468,29.003123373385286,34.96805460078647,30,Baixo
2019,4,2019-04-10,Norte,PA,Amazônia,253.9281289368022,3627.120418897176,180,246.63094818006763,26.94546009759831,380.89219340520333,10,Alto
2019,4,2019-04-10,Centro-Oeste,MT,Cerrado,390.04980695341044,1815.0658365107565,947,156.9988893584224,25.732793455099483,585.0747104301156,18,Crítico
2019,4,2019-04-10,Centro-Oeste,GO,Cerrado,398.49866532658126,3538.329670201215,659,239.3742478847682,27.147616144611913,597.7479979898719,38,Alto
2019,4,2019-04-10,Nordeste,BA,Caatinga,458.39413351945115,1631.819291341392,717,208.76973545064072,32.31239755569731,687.5912002791767,42,Baixo
2019,4,2019-04-10,Nordeste,MA,Cerrado,165.21322176308806,4624.573019063066,365,83.07134621334268,34.78577914529789,247.81983264463207,5,Crítico
2019,4,2019-04-10,Sudeste,SP,Mata Atlântica,78.94864874389162,1736.8993569521044,71,268.1969130023611,30.505803180224504,118.42297311583744,49,Crítico
2019,4,2019-04-10,Sudeste,MG,Cerrado,84.5310987789137,3461.1921002792083,116,25.039225496814986,33.4714127892954,126.79664816837055,10,Baixo
2019,5,2019-05-10,Norte,AM,Amazônia,403.7657323663522,4868.506461036682,609,125.32829378252991,34.79343414747447,605.6485985495283,21,Crítico
2019,5,2019-05-10,Norte,PA,Amazônia,337.2807994137773,1663.8195811831401,596,264.57832749139317,27.557365942967998,505.92119912066596,24,Crítico
2019,5,2019-05-10,Centro-Oeste,MT,Cerrado,89.49436883341488,3239.0227345535304,47,158.2198866368029,31.35159709079906,134.2415532501223,49,Médio
2019,5,2019-05-10,Centro-Oeste,GO,Cerrado,446.22644597872306,3925.9859613614494,293,56.22358322927467,33.15630169104313,669.3396689680847,25,Médio
2019,5,2019-05-10,Nordeste,BA,Caatinga,411.3411217922115,3840.971194493246,650,94.30503395512451,28.12518268612659,617.0116826883173,50,Crítico
2019,5,2019-05-10,Nordeste,MA,Cerrado,412.6020798781311,2431.193061301767,585,148.26373417508998,32.76724028168384,618.9031198171967,29,Alto
2019,5,2019-05-10,Sudeste,SP,Mata Atlântica,174.25194321172765,3848.056081323123,147,247.79346381242453,23.308287220805934,261.3779148175915,31,Baixo
2019,5,2019-05-10,Sudeste,MG,Cerrado,127.53831525041292,2391.7656463286667,99,135.1052936716238,31.734742380522984,191.3074728756194,5,Baixo
2019,6,2019-06-09,Norte,AM,Amazônia,329.0623165920203,2409.499786438618,573,252.43426592542798,28.12673317617614,493.5934748880304,46,Crítico
2019,6,2019-06-09,Norte,PA,Amazônia,489.7614196274257,1505.058966258011,866,202.8532686226302,26.226352200612087,734.6421294411385,7,Baixo
2019,6,2019-06-09,Centro-Oeste,MT,Cerrado,346.30032637618774,1699.5257487038375,221,256.7211776717359,24.953334241305694,519.4504895642816,34,Médio
2019,6,2019-06-09,Centro-Oeste,GO,Cerrado,420.1501513690406,3571.5276402348304,444,208.2451720529493,28.66451179088569,630.225227053561,18,Crítico
2019,6,2019-06-09,Nordeste,BA,Caatinga,159.60223158139834,1132.7574182497049,147,91.18392037221714,30.49111627690668,239.40334737209753,45,Crítico
2019,6,2019-06-09,Nordeste,MA,Cerrado,469.7693610397565,4064.2591061412104,1053,236.53420297598961,30.644803745187936,704.6540415596348,17,Alto
2019,6,2019-06-09,Sudeste,SP,Mata Atlântica,137.54056020734146,3682.9292476233363,318,168.132189294132,23.442863099775252,206.31084031101219,35,Alto
2019,6,2019-06-09,Sudeste,MG,Cerrado,229.05721646514846,4458.25443809068,325,163.99446605633653,26.945207136615323,343.58582469772267,49,Médio
2019,7,2019-07-09,Norte,AM,Amazônia,488.6321609702231,2690.1937132477788,352,12.607402551421586,31.618753569970096,732.9482414553346,33,Crítico
2019,7,2019-07-09,Norte,PA,Amazônia,459.8575105775838,4433.366707196484,487,87.66546913856934,33.840012101370895,689.7862658663757,42,Alto
2019,7,2019-07-09,Centro-Oeste,MT,Cerrado,379.4413327624241,1072.026222401818,800,288.8431071222078,31.446722896914203,569.1619991436362,35,Baixo
2019,7,2019-07-09,Centro-Oeste,GO,Cerrado,159.32803673920532,2126.0847936597197,343,261.8261518698384,23.46354507535518,238.99205510880796,10,Baixo
2019,7,2019-07-09,Nordeste,BA,Caatinga,354.8061289557899,1386.1378807817632,561,72.56814847765169,22.161252471605092,532.2091934336848,10,Baixo
2019,7,2019-07-09,Nordeste,MA,Cerrado,239.69630307760787,3393.429937191035,264,89.17134231258515,25.8989484495908,359.5444546164118,44,Médio
2019,7,2019-07-09,Sudeste,SP,Mata Atlântica,374.16466737848566,4611.579980767949,223,255.67916231735444,30.681460881943284,561.2470010677284,29,Médio
2019,7,2019-07-09,Sudeste,MG,Cerrado,300.6785693526183,1741.3207181148578,686,23.690748657248584,25.113632208823994,451.01785402892745,44,Alto
2019,8,2019-08-08,Norte,AM,Amazônia,399.3433565630932,3331.2273403339586,227,298.631254857393,33.124049219888015,599.0150348446398,9,Alto
2019,8,2019-08-08,Norte,PA,Amazônia,265.5083876313588,4325.494057542839,166,179.69355245316316,23.49412896177437,398.2625814470382,19,Alto
2019,8,2019-08-08,Centro-Oeste,MT,Cerrado,55.990069563444536,3676.801051752314,129,248.78603979502665,33.426725703669476,83.9851043451668,15,Alto
2019,8,2019-08-08,Centro-Oeste,GO,Cerrado,290.1684525036779,2721.709641283961,445,95.08397633733578,27.649747491163254,435.25267875551685,10,Baixo
2019,8,2019-08-08,Nordeste,BA,Caatinga,389.20103130777665,4570.093159819384,663,133.01400431375632,29.8921645233438,583.8015469616649,30,Baixo
2019,8,2019-08-08,Nordeste,MA,Cerrado,319.34070101507444,3810.535092342065,537,71.23004051244189,28.66072910809528,479.01105152261164,17,Médio
2019,8,2019-08-08,Sudeste,SP,Mata Atlântica,61.07015337609036,2950.6682744850577,77,195.66727786364174,34.356903683620644,91.60523006413554,30,Alto
2019,8,2019-08-08,Sudeste,MG,Cerrado,304.31902260869435,3025.064237980811,604,190.2312094128994,22.922118809739054,456.47853391304153,35,Alto
2019,9,2019-09-07,Norte,AM,Amazônia,134.65187461250503,2889.9734200260546,164,13.694623650715121,23.82031326819313,201.97781191875754,44,Médio
2019,9,2019-09-07,Norte,PA,Amazônia,145.63901081773983,2325.3880284122033,355,144.61231743362475,24.54927026559911,218.45851622660973,29,Médio
2019,9,2019-09-07,Centro-Oeste,MT,Cerrado,309.28223482712644,1827.9703137537072,328,154.97178853379373,22.07157538908547,463.92335224068967,14,Crítico
2019,9,2019-09-07,Centro-Oeste,GO,Cerrado,13.75537599812041,1146.8854500032846,12,32.40772623920741,26.405188441403773,20.633063997180614,15,Baixo
2019,9,2019-09-07,Nordeste,BA,Caatinga,403.2669829941083,3050.670903825666,663,88.0466469624365,34.11279835262661,604.9004744911624,14,Baixo
2019,9,2019-09-07,Nordeste,MA,Cerrado,204.53737020622393,3468.266064471205,137,34.15151804298042,26.487900856421998,306.8060553093359,28,Baixo
2019,9,2019-09-07,Sudeste,SP,Mata Atlântica,258.63184997172635,2974.1863213604747,581,210.67762980949928,34.906618906987916,387.94777495758956,50,Crítico
2019,9,2019-09-07,Sudeste,MG,Cerrado,74.42966875001099,2578.3043023905857,78,126.54845356164941,27.343273978452096,111.64450312501648,49,Médio
2019,10,2019-10-07,Norte,AM,Amazônia,454.72939125271193,3431.620856362815,876,92.81181535883462,32.70927499487683,682.0940868790678,11,Baixo
2019,10,2019-10-07,Norte,PA,Amazônia,477.97965062764456,1006.2604207658916,1024,190.9204110550221,22.66475995874731,716.9694759414668,21,Baixo
2019,10,2019-10-07,Centro-Oeste,MT,Cerrado,136.2275379635237,3415.181811797551,84,205.97697404778202,23.488339294856765,204.34130694528557,43,Crítico
2019,10,2019-10-07,Centro-Oeste,GO,Cerrado,198.08105269203995,2476.2120870436665,279,36.30750014555792,27.44632127243718,297.1215790380599,37,Crítico
2019,10,2019-10-07,Nordeste,BA,Caatinga,378.0772434261249,1320.7200563276137,242,106.43138755079526,34.24243425104603,567.1158651391873,13,Alto
2019,10,2019-10-07,Nordeste,MA,Cerrado,337.60059689422786,2447.67996335146,627,178.09823736256152,22.131705392360665,506.40089534134177,21,Médio
2019,10,2019-10-07,Sudeste,SP,Mata Atlântica,321.6870627406757,3450.2938733792766,748,262.1095780399035,31.41164972105922,482.53059411101356,50,Crítico
2019,10,2019-10-07,Sudeste,MG,Cerrado,69.07362403780823,1265.7753774230996,159,160.19024176432913,23.84778260931495,103.61043605671235,18,Crítico
2019,11,2019-11-06,Norte,AM,Amazônia,15.736239258142993,2180.162830616625,21,145.8001481392809,29.50359852754916,23.604358887214488,13,Crítico
2019,11,2019-11-06,Norte,PA,Amazônia,31.432145431384207,3234.5695858017016,23,102.95020595179747,31.479255338142824,47.14821814707631,33,Crítico
2019,11,2019-11-06,Centro-Oeste,MT,Cerrado,329.62290781005044,3769.9713066769013,722,128.97932321704445,30.74856609112762,494.4343617150756,29,Médio
2019,11,2019-11-06,Centro-Oeste,GO,Cerrado,144.93677538515507,4155.940639683173,161,133.92585492047465,32.378944426738585,217.4051630777326,24,Médio
2019,11,2019-11-06,Nordeste,BA,Caatinga,412.9869630974564,4666.540943364829,914,129.2955661539889,26.145268638174805,619.4804446461847,20,Alto
2019,11,2019-11-06,Nordeste,MA,Cerrado,295.2773858311158,3404.296667200932,366,211.6757587931474,30.94926524039778,442.9160787466737,8,Médio
2019,11,2019-11-06,Sudeste,SP,Mata Atlântica,193.53091463985947,2722.11735384883,161,42.77824322457262,33.57126145738951,290.2963719597892,37,Alto
2019,11,2019-11-06,Sudeste,MG,Cerrado,179.47995576155014,1101.7910396230036,145,193.74671588594526,30.279730126911662,269.2199336423252,22,Crítico
2019,12,2019-12-06,Norte,AM,Amazônia,176.89604162483292,2638.515579580928,113,93.36524851901807,30.80256831655512,265.34406243724936,35,Médio
2019,12,2019-12-06,Norte,PA,Amazônia,306.8318322318183,1871.5702170199604,377,296.4107898466776,27.90202107554949,460.24774834772745,42,Baixo
2019,12,2019-12-06,Centro-Oeste,MT,Cerrado,347.25437553231615,2942.3587986375915,271,8.261015960839647,28.57091653283585,520.8815632984742,5,Crítico
2019,12,2019-12-06,Centro-Oeste,GO,Cerrado,482.36852948767415,1155.9840502996462,611,9.286737275803059,27.043827879309305,723.5527942315113,17,Médio
2019,12,2019-12-06,Nordeste,BA,Caatinga,88.41221886696508,4024.8544558007075,48,137.55690266456722,25.760182035644508,132.61832830044762,48,Alto
2019,12,2019-12-06,Nordeste,MA,Cerrado,451.0407596780756,4823.675315821277,330,94.19001521320584,33.54924774001286,676.5611395171134,33,Crítico
2019,12,2019-12-06,Sudeste,SP,Mata Atlântica,305.4420094749361,4936.052652841858,657,86.52163134562372,34.494761310298706,458.16301421240416,48,Crítico
2019,12,2019-12-06,Sudeste,MG,Cerrado,200.84612850218596,2361.5484170180225,255,162.42228220427555,24.00388556132033,301.26919275327896,30,Baixo
2020,1,2020-01-05,Norte,AM,Amazônia,281.3186278254255,4047.60725041948,445,250.09498858127566,27.725737554061514,421.97794173813827,49,Baixo
2020,1,2020-01-05,Norte,PA,Amazônia,158.14329218223193,1778.4953468194876,161,17.294274659707465,26.451823724851273,237.2149382733479,36,Crítico
2020,1,2020-01-05,Centro-Oeste,MT,Cerrado,142.4213691440838,3230.8353050001756,346,104.18311170915227,29.546078812918047,213.6320537161257,48,Médio
2020,1,2020-01-05,Centro-Oeste,GO,Cerrado,78.2063836593908,3504.937285684255,108,146.66934953773543,27.223124408506216,117.3095754890862,40,Alto
2020,1,2020-01-05,Nordeste,BA,Caatinga,496.9857105608521,3493.6238326377606,1123,170.81320835468483,30.068586237719593,745.4785658412782,40,Crítico
2020,1,2020-01-05,Nordeste,MA,Cerrado,108.64293283299229,1157.8381315635972,140,142.663811246048,29.059319591449622,162.96439924948842,17,Médio
2020,1,2020-01-05,Sudeste,SP,Mata Atlântica,121.5973706905727,4637.818443748968,295,216.64297063677176,28.934026173949714,182.39605603585906,23,Baixo
2020,1,2020-01-05,Sudeste,MG,Cerrado,436.2848882273656,4162.039177099539,332,37.446244190054486,32.32473861314227,654.4273323410484,28,Baixo
2020,2,2020-02-04,Norte,AM,Amazônia,145.1261084431649,4776.168375301591,327,44.63879082153469,28.014782865850115,217.68916266474736,8,Alto
2020,2,2020-02-04,Norte,PA,Amazônia,490.6838152997157,4454.19009005818,719,176.61945663939596,26.879288802954825,736.0257229495736,35,Médio
2020,2,2020-02-04,Centro-Oeste,MT,Cerrado,150.0339422076764,4047.192765510789,135,115.96215204690836,28.646581008609765,225.0509133115146,10,Alto
2020,2,2020-02-04,Centro-Oeste,GO,Cerrado,251.23948520057914,4462.308582498209,415,294.22180307502884,27.29859471145962,376.8592278008687,41,Alto
2020,2,2020-02-04,Nordeste,BA,Caatinga,415.4842718320885,3294.115805822293,843,286.81414308357995,24.606168701869237,623.2264077481327,26,Médio
2020,2,2020-02-04,Nordeste,MA,Cerrado,63.53946305171449,2756.599266534993,140,254.09065626211813,33.6101726675404,95.30919457757173,24,Médio
2020,2,2020-02-04,Sudeste,SP,Mata Atlântica,40.60422087334501,2793.2762214776885,92,153.12974670126965,30.14570264421173,60.90633131001751,23,Crítico
2020,2,2020-02-04,Sudeste,MG,Cerrado,463.92747729774254,2907.373873271268,249,206.3166127291682,31.39519045007697,695.8912159466138,33,Alto
2020,3,2020-03-05,Norte,AM,Amazônia,349.3408914531829,2197.582353486725,268,107.61465762510404,32.45768369983357,524.0113371797744,43,Alto
2020,3,2020-03-05,Norte,PA,Amazônia,146.592337483131,4829.792076152385,135,2.65898553404067,34.97167112386572,219.88850622469647,12,Médio
2020,3,2020-03-05,Centro-Oeste,MT,Cerrado,341.64243644012384,2178.4775853847727,736,4.294583300117994,31.59230374129989,512.4636546601857,37,Crítico
2020,3,2020-03-05,Centro-Oeste,GO,Cerrado,418.7308525303311,1571.4011492033544,829,226.02837667709073,31.995996167399333,628.0962787954967,8,Alto
2020,3,2020-03-05,Nordeste,BA,Caatinga,332.6848526783269,4383.685758710928,676,184.08123427123752,23.15186128160583,499.0272790174903,34,Crítico
2020,3,2020-03-05,Nordeste,MA,Cerrado,248.9376267369333,2630.1721241297237,163,122.1319467376883,22.85812797382314,373.40644010539995,44,Médio
2020,3,2020-03-05,Sudeste,SP,Mata Atlântica,180.92206164504486,4232.940840036888,130,284.3064077893412,22.940114178353202,271.3830924675673,5,Baixo
2020,3,2020-03-05,Sudeste,MG,Cerrado,478.0064515729337,2198.2627118154955,738,23.058622582849054,28.508115484915432,717.0096773594006,38,Baixo
2020,4,2020-04-04,Norte,AM,Amazônia,399.31261680046686,1200.904045855895,764,21.870550610371055,27.237352674224283,598.9689252007003,43,Baixo
2020,4,2020-04-04,Norte,PA,Amazônia,154.6923420834922,2124.0179956348543,149,241.04482298906538,34.0799646972141,232.0385131252383,15,Médio
2020,4,2020-04-04,Centro-Oeste,MT,Cerrado,208.50032031850753,2285.9828049915277,482,142.93109590313748,24.938376971607997,312.7504804777613,49,Alto
2020,4,2020-04-04,Centro-Oeste,GO,Cerrado,323.83326066616354,3413.9723841735145,795,107.34422523406467,30.42162679787687,485.7498909992453,17,Baixo
2020,4,2020-04-04,Nordeste,BA,Caatinga,70.23113244803992,3012.3358031193457,159,134.8049226118926,29.61624224989575,105.34669867205987,40,Médio
2020,4,2020-04-04,Nordeste,MA,Cerrado,316.1440927668072,3730.46888489361,203,72.57950409465887,31.281384222585668,474.2161391502108,15,Crítico
2020,4,2020-04-04,Sudeste,SP,Mata Atlântica,413.0420492482564,3210.0038696315564,870,156.05096769322535,23.857387497412354,619.5630738723846,40,Alto
2020,4,2020-04-04,Sudeste,MG,Cerrado,389.9196136975364,2986.7816912717863,406,85.28222787825501,23.73976871899601,584.8794205463046,27,Crítico
2020,5,2020-05-04,Norte,AM,Amazônia,318.4832714769509,3994.5809365048,193,95.276038578335,22.00175100905831,477.72490721542636,48,Alto
2020,5,2020-05-04,Norte,PA,Amazônia,260.4532782262426,2104.6782312835976,154,212.09294623671485,22.814965081084257,390.6799173393639,45,Crítico
2020,5,2020-05-04,Centro-Oeste,MT,Cerrado,421.27586125444117,1987.295476807609,213,222.27121684562144,26.111511946480988,631.9137918816617,9,Médio
2020,5,2020-05-04,Centro-Oeste,GO,Cerrado,59.92727015234663,2081.573145538102,73,252.81357064816646,26.07352292860686,89.89090522851994,17,Médio
2020,5,2020-05-04,Nordeste,BA,Caatinga,396.57691117024353,2735.2696783061183,905,272.9829431563176,26.905134701521508,594.8653667553654,30,Alto
2020,5,2020-05-04,Nordeste,MA,Cerrado,482.398424080153,3748.077066012971,327,148.1442121370786,27.03943447092341,723.5976361202295,17,Médio
2020,5,2020-05-04,Sudeste,SP,Mata Atlântica,320.02882058681445,1017.4530786012364,610,50.08592662415962,31.269598658246142,480.0432308802217,40,Crítico
2020,5,2020-05-04,Sudeste,MG,Cerrado,336.52885265332117,4044.151161003132,818,285.2318123194014,31.13302651995249,504.7932789799818,43,Alto
2020,6,2020-06-03,Norte,AM,Amazônia,156.04558223332714,4127.295453379742,110,193.24476644277476,22.626418161112852,234.0683733499907,35,Alto
2020,6,2020-06-03,Norte,PA,Amazônia,186.4247282914794,3001.604582840805,449,129.8187408059114,27.95009486707082,279.6370924372191,19,Médio
2020,6,2020-06-03,Centro-Oeste,MT,Cerrado,112.35253476253023,2479.2530239487064,139,15.70650605624172,31.978379170732936,168.52880214379533,27,Baixo
2020,6,2020-06-03,Centro-Oeste,GO,Cerrado,214.0871716329007,4401.392004479581,459,63.59821640959742,30.54559526821167,321.13075744935105,33,Médio
2020,6,2020-06-03,Nordeste,BA,Caatinga,241.41808403986104,1862.9627167058165,545,203.34396009301327,29.900777589285394,362.1271260597916,32,Alto
2020,6,2020-06-03,Nordeste,MA,Cerrado,154.69772401019807,3606.5590419091063,119,221.5792374396992,26.10315546892355,232.04658601529712,17,Médio
2020,6,2020-06-03,Sudeste,SP,Mata Atlântica,325.96797597093376,3852.827533130471,420,59.764582468215934,33.57279503427027,488.9519639564006,31,Crítico
2020,6,2020-06-03,Sudeste,MG,Cerrado,150.83070226813408,1232.367808321399,186,33.45366369638292,28.706204735260265,226.2460534022011,46,Crítico
2020,7,2020-07-03,Norte,AM,Amazônia,141.12041159670602,1058.7735546198153,306,113.72821460158086,26.385492107998203,211.68061739505902,11,Baixo
2020,7,2020-07-03,Norte,PA,Amazônia,19.470539149624507,2654.570699674541,14,147.859375334234,27.2557667143133,29.20580872443676,9,Crítico
2020,7,2020-07-03,Centro-Oeste,MT,Cerrado,270.159462421926,1039.6952845113426,456,139.22854783605118,34.525490131538646,405.23919363288894,34,Crítico
2020,7,2020-07-03,Centro-Oeste,GO,Cerrado,264.3258172634789,2247.455431667533,490,232.19741344582877,32.0479792643895,396.4887258952183,7,Baixo
2020,7,2020-07-03,Nordeste,BA,Caatinga,265.4350633505281,1502.2008590506134,650,5.084299466874298,32.01205675284225,398.15259502579215,6,Baixo
2020,7,2020-07-03,Nordeste,MA,Cerrado,405.50621330879244,2062.3313318344244,300,5.265709009988672,25.81301194014734,608.2593199631887,25,Médio
2020,7,2020-07-03,Sudeste,SP,Mata Atlântica,388.83951822014905,2392.3823726731525,597,111.52178847189909,22.017597134301084,583.2592773302235,38,Médio
2020,7,2020-07-03,Sudeste,MG,Cerrado,156.90225850696558,4896.777775265428,281,254.11824809516986,22.30673454039188,235.35338776044836,25,Crítico
2020,8,2020-08-02,Norte,AM,Amazônia,450.29469629067125,4121.504494283921,930,137.39872770107144,27.174068808408535,675.4420444360069,44,Crítico
2020,8,2020-08-02,Norte,PA,Amazônia,158.4287071282644,1912.9414539747963,100,73.9810904934074,28.29300190623262,237.6430606923966,16,Crítico
2020,8,2020-08-02,Centro-Oeste,MT,Cerrado,376.2477592323801,1231.3777977886425,544,287.33694029646114,34.25541614822346,564.3716388485701,6,Médio
2020,8,2020-08-02,Centro-Oeste,GO,Cerrado,394.7428761427201,3177.929331201052,980,288.8305050759618,22.98286552801776,592.1143142140802,35,Baixo
2020,8,2020-08-02,Nordeste,BA,Caatinga,189.18356664807195,1783.3323365370802,179,42.240884667802824,30.09137734035796,283.7753499721079,38,Alto
2020,8,2020-08-02,Nordeste,MA,Cerrado,392.8477093161795,1587.8508383528388,650,243.33713098004128,30.26741119312847,589.2715639742692,7,Crítico
2020,8,2020-08-02,Sudeste,SP,Mata Atlântica,200.20119600222782,2039.6199169713313,370,103.55766254826315,33.92731596071587,300.30179400334174,23,Crítico
2020,8,2020-08-02,Sudeste,MG,Cerrado,152.347207778996,4560.564549584058,219,212.31640508025825,22.808641940141136,228.520811668494,47,Médio
2020,9,2020-09-01,Norte,AM,Amazônia,82.17849169669547,3523.6871609166537,42,134.3020276231255,23.745573061729583,123.26773754504322,38,Baixo
2020,9,2020-09-01,Norte,PA,Amazônia,479.3877193178175,1967.5731764515567,747,150.18107134641227,30.835064325556402,719.0815789767263,11,Alto
2020,9,2020-09-01,Centro-Oeste,MT,Cerrado,47.35721680704659,4227.861963535975,49,137.89946112079838,29.10550284641983,71.03582521056988,14,Crítico
2020,9,2020-09-01,Centro-Oeste,GO,Cerrado,222.07984108263994,1662.9991192806237,130,133.66249162256727,24.719411050303062,333.1197616239599,29,Alto
2020,9,2020-09-01,Nordeste,BA,Caatinga,34.48972404324258,4924.770116656464,75,237.94286219902182,33.099203982160674,51.734586064863876,38,Médio
2020,9,2020-09-01,Nordeste,MA,Cerrado,128.56879385535223,1787.7028178137134,311,285.4289431085497,34.93265082155736,192.85319078302834,10,Crítico
2020,9,2020-09-01,Sudeste,SP,Mata Atlântica,358.7441748155639,3278.1591182684147,883,77.8625349528271,27.68094651365307,538.1162622233459,28,Crítico
2020,9,2020-09-01,Sudeste,MG,Cerrado,300.8448583356051,3489.3730584689843,194,294.35335102868834,24.47139944718846,451.2672875034077,14,Médio
2020,10,2020-10-01,Norte,AM,Amazônia,398.3716069813078,4774.8063712808835,922,288.04068132163417,28.778975303379134,597.5574104719617,26,Crítico
2020,10,2020-10-01,Norte,PA,Amazônia,488.8808749158368,1646.6857449478475,984,143.070031940391,31.33830527983605,733.3213123737552,43,Médio
2020,10,2020-10-01,Centro-Oeste,MT,Cerrado,131.19675475135085,3666.401916186477,233,48.809923142569765,29.346109061885834,196.79513212702628,40,Baixo
2020,10,2020-10-01,Centro-Oeste,GO,Cerrado,388.0971863795178,1048.4124671044297,581,2.711540723787653,26.64138147161016,582.1457795692767,9,Baixo
2020,10,2020-10-01,Nordeste,BA,Caatinga,463.8350935315732,3537.4547554867486,444,66.62276120799618,26.18170986557413,695.7526402973598,22,Médio
2020,10,2020-10-01,Nordeste,MA,Cerrado,425.54062390472717,1381.5971092528425,833,128.6106062959301,22.379206927388438,638.3109358570907,20,Baixo
2020,10,2020-10-01,Sudeste,SP,Mata Atlântica,245.6361718354744,1474.0104943926062,448,86.6654816727497,27.17187613152804,368.4542577532116,44,Alto
2020,10,2020-10-01,Sudeste,MG,Cerrado,460.5702020814644,1179.6451959824635,1145,228.30237704861761,26.832412863230463,690.8553031221966,9,Alto
2020,10,2020-10-31,Norte,AM,Amazônia,202.30451125244522,4673.7057285816345,406,285.2785783507645,29.50259361849817,303.45676687866785,19,Baixo
2020,10,2020-10-31,Norte,PA,Amazônia,184.98936805724637,2004.005533049201,383,169.22220865005534,26.66151999982335,277.48405208586956,22,Baixo
2020,10,2020-10-31,Centro-Oeste,MT,Cerrado,331.7492261168593,1766.371782939303,325,275.4717260026311,23.32344787834398,497.62383917528894,16,Médio
2020,10,2020-10-31,Centro-Oeste,GO,Cerrado,257.91937479011654,1155.71985330267,242,10.805645487427917,24.277883037375755,386.8790621851748,28,Médio
2020,10,2020-10-31,Nordeste,BA,Caatinga,434.71747370794014,4801.836682301183,462,174.48668789675807,27.67598446699396,652.0762105619102,26,Crítico
2020,10,2020-10-31,Nordeste,MA,Cerrado,294.2435289880328,4035.105015029301,451,84.74881979185568,26.58965509080393,441.3652934820492,19,Alto
2020,10,2020-10-31,Sudeste,SP,Mata Atlântica,448.10620824129285,4570.232909945898,1072,125.83439818719407,32.14475153908946,672.1593123619393,45,Alto
2020,10,2020-10-31,Sudeste,MG,Cerrado,243.4045093175384,1818.7204362291359,363,177.33909097755495,24.41976667079352,365.1067639763076,34,Alto
2020,11,2020-11-30,Norte,AM,Amazônia,172.46670254292493,1828.303236843421,381,21.347485552029845,22.897098703966613,258.7000538143874,11,Médio
2020,11,2020-11-30,Norte,PA,Amazônia,470.9844150465229,2637.6482872680735,712,243.26357430237553,32.86573706283671,706.4766225697844,36,Médio
2020,11,2020-11-30,Centro-Oeste,MT,Cerrado,172.77360622664625,4084.4912634075463,326,196.39520605978635,23.970735972401293,259.16040933996936,34,Alto
2020,11,2020-11-30,Centro-Oeste,GO,Cerrado,439.18271092335794,2129.8897054800145,693,127.56845563130817,22.488424175185795,658.7740663850369,49,Alto
2020,11,2020-11-30,Nordeste,BA,Caatinga,72.6547325989846,1000.0465390214646,147,124.96974854468765,28.792632354112648,108.98209889847689,30,Baixo
2020,11,2020-11-30,Nordeste,MA,Cerrado,36.77086580047643,1904.5013249986878,89,91.25961589088426,25.951252659315355,55.15629870071464,27,Alto
2020,11,2020-11-30,Sudeste,SP,Mata Atlântica,122.90416443750145,3917.3791763519853,61,290.0536499397856,24.915815282705587,184.35624665625218,10,Baixo
2020,11,2020-11-30,Sudeste,MG,Cerrado,334.89312398367696,4393.701516362099,664,126.78875910408274,25.93810177332558,502.3396859755154,26,Médio
2020,12,2020-12-30,Norte,AM,Amazônia,169.39461567128524,4267.117866022544,326,54.484190326980794,26.82223310605095,254.09192350692786,19,Baixo
2020,12,2020-12-30,Norte,PA,Amazônia,451.9506964070835,4939.433611049903,955,226.27447790462423,27.11153761336299,677.9260446106252,13,Baixo
2020,12,2020-12-30,Centro-Oeste,MT,Cerrado,299.4125386573725,1313.8232652684958,545,163.34908773115953,31.221170770143924,449.11880798605875,50,Crítico
2020,12,2020-12-30,Centro-Oeste,GO,Cerrado,91.98743896051958,3335.0911220564467,189,285.6665357092784,22.55148987668959,137.98115844077938,36,Baixo
2020,12,2020-12-30,Nordeste,BA,Caatinga,140.0098074021788,2186.2396488237227,238,214.32724922137265,31.867068672785102,210.0147111032682,49,Crítico
2020,12,2020-12-30,Nordeste,MA,Cerrado,60.23282239257248,3035.5622223642235,92,110.78423106466232,34.12802321340574,90.34923358885872,48,Baixo
2020,12,2020-12-30,Sudeste,SP,Mata Atlântica,415.4780967378784,3857.3065429399903,787,138.51484314393574,33.972928774255486,623.2171451068176,43,Médio
2020,12,2020-12-30,Sudeste,MG,Cerrado,350.35175935410984,4446.763615149381,685,82.2214768026573,32.49192175026714,525.5276390311648,26,Baixo
2021,1,2021-01-29,Norte,AM,Amazônia,105.6678954486811,2342.4418170793706,125,293.5576405167422,33.13498390872305,158.50184317302165,41,Baixo
2021,1,2021-01-29,Norte,PA,Amazônia,353.57323217922726,3248.291177610284,690,284.12720013255574,28.4513637874707,530.3598482688409,42,Crítico
2021,1,2021-01-29,Centro-Oeste,MT,Cerrado,196.45367783624832,4144.822609044231,162,220.33317962267742,26.996615500813753,294.6805167543725,46,Médio
2021,1,2021-01-29,Centro-Oeste,GO,Cerrado,22.344772840022387,1045.6719338162945,48,211.1099338887153,34.61334242643874,33.51715926003358,28,Alto
2021,1,2021-01-29,Nordeste,BA,Caatinga,224.4540507926197,3819.484040173527,217,245.13844260467553,29.103594109012015,336.6810761889296,26,Alto
2021,1,2021-01-29,Nordeste,MA,Cerrado,483.8472848755116,3019.1823932181123,291,215.53618419676502,33.214326124939326,725.7709273132674,15,Alto
2021,1,2021-01-29,Sudeste,SP,Mata Atlântica,97.83524983481712,3210.828302874181,205,118.96610459698897,23.712295371528217,146.7528747522257,45,Alto
2021,1,2021-01-29,Sudeste,MG,Cerrado,433.9949218653671,2239.151436836397,353,87.01365958873106,33.32838244448111,650.9923827980506,20,Alto
2021,2,2021-02-28,Norte,AM,Amazônia,339.62446716236,2001.871595169996,710,187.46222988209968,29.432697780868732,509.43670074354003,26,Médio
2021,2,2021-02-28,Norte,PA,Amazônia,418.0868846262528,1048.6270859095473,966,202.20597571763778,22.67386538855648,627.1303269393792,16,Alto
2021,2,2021-02-28,Centro-Oeste,MT,Cerrado,278.9407458879044,2227.1063980885647,299,105.88755103570698,30.07680183764493,418.41111883185664,25,Médio
2021,2,2021-02-28,Centro-Oeste,GO,Cerrado,173.6844831776969,2618.1095422954786,341,20.505960092987586,32.188877952293396,260.5267247665454,48,Crítico
2021,2,2021-02-28,Nordeste,BA,Caatinga,150.02157905042594,3741.775532887606,204,99.7368471446136,22.735613529907305,225.0323685756389,46,Médio
2021,2,2021-02-28,Nordeste,MA,Cerrado,193.22131303627867,3566.9375891942327,461,201.4437446001621,30.219667997289317,289.83196955441804,29,Médio
2021,2,2021-02-28,Sudeste,SP,Mata Atlântica,107.50614809012403,4003.759193453273,143,30.411869265947743,25.612086089166258,161.25922213518604,16,Crítico
2021,2,2021-02-28,Sudeste,MG,Cerrado,145.39636314826828,4921.47496376874,198,20.250764005146582,28.743112926947735,218.09454472240242,26,Baixo
2021,3,2021-03-30,Norte,AM,Amazônia,97.88869418598313,1453.2140189098568,238,121.08030070847737,31.59250480284988,146.8330412789747,42,Alto
2021,3,2021-03-30,Norte,PA,Amazônia,355.2316697334482,2386.096671810873,477,119.28371356586118,25.435591421062313,532.8475046001723,25,Médio
2021,3,2021-03-30,Centro-Oeste,MT,Cerrado,110.6131399663319,2074.1350242704293,162,86.23849946917504,30.537828825169242,165.91970994949784,7,Médio
2021,3,2021-03-30,Centro-Oeste,GO,Cerrado,484.58329253294715,1307.9178682598651,827,22.675084156220095,34.36850187099236,726.8749387994208,19,Crítico
2021,3,2021-03-30,Nordeste,BA,Caatinga,155.6724872505935,3396.178348601526,106,187.09463348707982,30.430562661542947,233.50873087589025,26,Baixo
2021,3,2021-03-30,Nordeste,MA,Cerrado,141.02699365019524,4860.061477817888,74,75.26791370733075,30.788341744683116,211.54049047529287,43,Médio
2021,3,2021-03-30,Sudeste,SP,Mata Atlântica,356.2486362405677,2251.629576854593,612,81.32887612921974,29.76968767513514,534.3729543608515,8,Alto
2021,3,2021-03-30,Sudeste,MG,Cerrado,434.38686046972884,1423.6232176150306,1039,46.44858377931595,34.28157136418004,651.5802907045933,6,Médio
2021,4,2021-04-29,Norte,AM,Amazônia,370.90226188404836,1810.5305365413726,840,176.27576133282057,31.11481472742716,556.3533928260725,46,Baixo
2021,4,2021-04-29,Norte,PA,Amazônia,343.2548238690166,1061.579566765234,451,174.87781704127894,25.290320009334913,514.882235803525,8,Crítico
2021,4,2021-04-29,Centro-Oeste,MT,Cerrado,230.62458061001627,2596.141270569739,556,251.94048199932803,24.451027874740266,345.93687091502443,7,Baixo
2021,4,2021-04-29,Centro-Oeste,GO,Cerrado,339.5056440322641,1407.572403491747,833,2.4959826681576036,27.636576304223986,509.25846604839614,15,Médio
2021,4,2021-04-29,Nordeste,BA,Caatinga,55.38648669516993,4658.194655394236,110,130.20629181262765,25.363251348020732,83.07973004275489,39,Alto
2021,4,2021-04-29,Nordeste,MA,Cerrado,222.8576263132388,1036.216646321484,433,176.83619684540915,29.972791903535928,334.2864394698582,5,Médio
2021,4,2021-04-29,Sudeste,SP,Mata Atlântica,322.4672409790084,3856.210893512507,317,27.41744589953292,24.590514374068412,483.7008614685126,33,Crítico
2021,4,2021-04-29,Sudeste,MG,Cerrado,439.9603228606961,1054.982216045381,869,74.51287811094006,24.787284278911137,659.9404842910442,32,Crítico
2021,5,2021-05-29,Norte,AM,Amazônia,142.69510073811657,1250.1051829713829,141,137.6821549790461,31.525535172220145,214.04265110717483,44,Médio
2021,5,2021-05-29,Norte,PA,Amazônia,307.29854511154383,1324.5967141449566,567,285.44721305303614,32.90039383995932,460.94781766731575,38,Alto
2021,5,2021-05-29,Centro-Oeste,MT,Cerrado,404.49425606287474,4730.842032531045,868,163.27618983410932,24.60366623227914,606.7413840943121,27,Baixo
2021,5,2021-05-29,Centro-Oeste,GO,Cerrado,312.22396784774514,3951.6695734161017,620,156.43470725006404,22.889963351336515,468.3359517716177,37,Crítico
2021,5,2021-05-29,Nordeste,BA,Caatinga,191.84533983076264,3337.795639029704,449,161.49958297671404,25.495095686968515,287.76800974614395,33,Crítico
2021,5,2021-05-29,Nordeste,MA,Cerrado,190.53997075912366,3665.8521901073427,436,236.21610802569987,27.906490499879517,285.8099561386855,18,Crítico
2021,5,2021-05-29,Sudeste,SP,Mata Atlântica,318.8211375335174,3821.843321133945,317,128.2804001110012,27.753091692591692,478.2317063002761,45,Crítico
2021,5,2021-05-29,Sudeste,MG,Cerrado,328.167939042672,1256.0253864344836,778,247.42297120410228,25.80098043535851,492.251908564008,12,Alto
2021,6,2021-06-28,Norte,AM,Amazônia,227.52053270812513,2204.1843113372524,123,150.78937278903913,22.730289005516706,341.2807990621877,10,Crítico
2021,6,2021-06-28,Norte,PA,Amazônia,250.63690739775092,1421.572872431221,590,229.3322184226513,27.325723693887905,375.95536109662635,17,Crítico
2021,6,2021-06-28,Centro-Oeste,MT,Cerrado,331.0351201169256,1637.9690501654331,337,48.13878428136793,22.916395293360882,496.55268017538845,42,Baixo
2021,6,2021-06-28,Centro-Oeste,GO,Cerrado,100.96688540160908,4526.7624473740325,184,244.23770567734854,30.906746028368293,151.4503281024136,20,Crítico
2021,6,2021-06-28,Nordeste,BA,Caatinga,64.1116130714403,2239.227501289876,69,74.98708391928636,28.6950735762264,96.16741960716045,43,Crítico
2021,6,2021-06-28,Nordeste,MA,Cerrado,272.4213692910396,2415.1566349457444,330,248.5666793718244,32.26080702815591,408.6320539365594,27,Médio
2021,6,2021-06-28,Sudeste,SP,Mata Atlântica,160.81995752356536,4811.260068010024,374,98.02276260901225,26.607524334309712,241.22993628534806,44,Baixo
2021,6,2021-06-28,Sudeste,MG,Cerrado,257.7607351767598,4505.277732569246,614,30.77038877507694,27.10549966252841,386.6411027651397,13,Crítico
2021,7,2021-07-28,Norte,AM,Amazônia,281.1518829773882,1775.4522717475706,423,257.6450313504464,30.800230178958884,421.7278244660823,9,Crítico
2021,7,2021-07-28,Norte,PA,Amazônia,420.57510367738377,3993.423414662959,932,131.7631803749152,29.93710781520052,630.8626555160756,16,Baixo
2021,7,2021-07-28,Centro-Oeste,MT,Cerrado,88.57904899867414,1717.013022957123,163,208.18487715304704,24.984776089801592,132.86857349801122,31,Alto
2021,7,2021-07-28,Centro-Oeste,GO,Cerrado,67.60013707360778,1007.968540876281,56,215.62188535605907,31.521213637758926,101.40020561041167,10,Baixo
2021,7,2021-07-28,Nordeste,BA,Caatinga,262.31734145749715,1334.2173500427589,215,5.738689931186103,24.15472630054787,393.4760121862457,26,Crítico
2021,7,2021-07-28,Nordeste,MA,Cerrado,446.5192121417419,2417.0853088688627,438,31.603645344399954,24.890696961726213,669.7788182126128,40,Baixo
2021,7,2021-07-28,Sudeste,SP,Mata Atlântica,264.4200396823005,1981.4092566648442,453,17.319647767535162,27.083427298656183,396.63005952345077,35,Alto
2021,7,2021-07-28,Sudeste,MG,Cerrado,124.75965175390373,4839.451210853821,117,184.8901457777172,29.239419761237247,187.1394776308556,5,Crítico
2021,8,2021-08-27,Norte,AM,Amazônia,213.72980072642775,3163.620015352323,290,208.92894211083217,31.127899250363782,320.5947010896416,38,Baixo
2021,8,2021-08-27,Norte,PA,Amazônia,94.13001477567029,2647.8323801364077,141,261.1580898808153,30.20844597583889,141.19502216350543,19,Crítico
2021,8,2021-08-27,Centro-Oeste,MT,Cerrado,270.9269925438311,3422.5515572936456,197,35.16117170407003,26.383685482354778,406.3904888157466,25,Crítico
2021,8,2021-08-27,Centro-Oeste,GO,Cerrado,79.99256275902262,1825.0084553446104,150,117.5578119564078,33.64377210904412,119.98884413853392,18,Médio
2021,8,2021-08-27,Nordeste,BA,Caatinga,110.11502786549545,2677.086644664088,166,5.43721231371892,32.30585547644657,165.17254179824317,40,Baixo
2021,8,2021-08-27,Nordeste,MA,Cerrado,43.832494094153866,3242.7131797558,63,188.5279369843761,30.952211181002383,65.7487411412308,23,Crítico
2021,8,2021-08-27,Sudeste,SP,Mata Atlântica,134.1034679261304,3893.774649419648,69,160.69697980427358,32.869530141694234,201.1552018891956,40,Alto
2021,8,2021-08-27,Sudeste,MG,Cerrado,412.4802978213402,2940.378639918161,901,100.0885187510597,32.29025663368781,618.7204467320103,46,Alto
2021,9,2021-09-26,Norte,AM,Amazônia,231.1341153843349,4419.896078245898,200,264.7679630317042,28.062026829822212,346.70117307650236,6,Crítico
2021,9,2021-09-26,Norte,PA,Amazônia,47.09286638179586,4214.150637850414,60,270.5322085638686,24.645145652468745,70.63929957269379,13,Médio
2021,9,2021-09-26,Centro-Oeste,MT,Cerrado,42.817069892383046,2557.619755915501,96,162.52828928026898,34.58485555665987,64.22560483857457,36,Crítico
2021,9,2021-09-26,Centro-Oeste,GO,Cerrado,42.6167166779692,1296.4216902994683,76,112.64067853995012,32.44958908751481,63.9250750169538,6,Alto
2021,9,2021-09-26,Nordeste,BA,Caatinga,222.40139405026085,3236.2371397864085,554,96.34864579078605,24.86144723676179,333.6020910753913,20,Médio
2021,9,2021-09-26,Nordeste,MA,Cerrado,181.7550618002193,1274.854710895844,226,110.87225982803194,28.035100756609925,272.6325927003289,45,Médio
2021,9,2021-09-26,Sudeste,SP,Mata Atlântica,364.1414985970143,3835.062620916617,660,2.5091045630571296,24.82967619454697,546.2122478955214,26,Médio
2021,9,2021-09-26,Sudeste,MG,Cerrado,334.2253013159297,1021.2539026733838,490,241.3483927295467,32.046524452774385,501.3379519738945,38,Baixo
2021,10,2021-10-26,Norte,AM,Amazônia,278.7253898668457,4066.0601981303384,176,175.11407631940918,32.16547970305347,418.0880848002686,18,Alto
2021,10,2021-10-26,Norte,PA,Amazônia,378.3560262739618,3072.0322656184994,796,42.097355458054494,30.725047153935954,567.5340394109427,16,Baixo
2021,10,2021-10-26,Centro-Oeste,MT,Cerrado,314.03215467546556,1679.5240242029413,623,58.492559970086766,33.57532372385127,471.04823201319834,38,Baixo
2021,10,2021-10-26,Centro-Oeste,GO,Cerrado,377.4891212415147,4034.861284655683,874,179.14659179709057,30.50372558136236,566.2336818622721,42,Crítico
2021,10,2021-10-26,Nordeste,BA,Caatinga,445.6726827306049,3529.5652973135498,738,46.943014801080174,28.160975861509336,668.5090240959073,36,Médio
2021,10,2021-10-26,Nordeste,MA,Cerrado,361.0345848594685,1809.0167220981398,376,94.14804246732467,25.139508163906836,541.5518772892028,17,Baixo
2021,10,2021-10-26,Sudeste,SP,Mata Atlântica,115.30719214783396,4631.354055534137,155,152.11789402161548,24.442964950599197,172.96078822175093,24,Baixo
2021,10,2021-10-26,Sudeste,MG,Cerrado,47.7161179966283,2531.1950577455514,90,246.54928397560778,30.573639992330012,71.57417699494245,8,Baixo
2021,11,2021-11-25,Norte,AM,Amazônia,400.1583107652706,3769.4356898442325,417,79.21859540811563,34.20789023285379,600.2374661479059,33,Alto
2021,11,2021-11-25,Norte,PA,Amazônia,321.82339795135346,2078.0474491690907,369,57.277975521493055,31.03033246561846,482.7350969270302,38,Médio
2021,11,2021-11-25,Centro-Oeste,MT,Cerrado,117.17065036898438,2058.5401077014294,198,198.59068343816057,32.59421647102701,175.75597555347656,43,Alto
2021,11,2021-11-25,Centro-Oeste,GO,Cerrado,391.23236914088005,1750.8896227690084,790,26.515484095355614,31.086334770336013,586.84855371132,25,Crítico
2021,11,2021-11-25,Nordeste,BA,Caatinga,190.49013475923215,1124.5963711735642,259,77.87293478251476,22.43779325036803,285.7352021388482,44,Médio
2021,11,2021-11-25,Nordeste,MA,Cerrado,440.80102857461134,3229.348678292032,434,11.693796198339124,30.669016086973556,661.201542861917,24,Alto
2021,11,2021-11-25,Sudeste,SP,Mata Atlântica,168.283399419506,4552.472755736144,386,97.58718550852433,33.71249164397608,252.425099129259,39,Baixo
2021,11,2021-11-25,Sudeste,MG,Cerrado,498.1172600144016,4379.485391020916,1071,74.70262083272698,29.49713118515083,747.1758900216024,5,Alto
2021,12,2021-12-25,Norte,AM,Amazônia,42.95539784401025,4995.570448133162,29,97.99177482777328,31.726390856635003,64.43309676601538,12,Médio
2021,12,2021-12-25,Norte,PA,Amazônia,405.26587598314006,4990.513189608626,898,72.44894557706036,22.524560749176096,607.89881397471,15,Médio
2021,12,2021-12-25,Centro-Oeste,MT,Cerrado,211.48384381734712,1089.7035566482205,160,108.12804814244583,32.188597263978075,317.22576572602065,43,Alto
2021,12,2021-12-25,Centro-Oeste,GO,Cerrado,287.4285387002847,3617.368021970879,323,69.60545409264321,22.186958798937106,431.1428080504271,24,Crítico
2021,12,2021-12-25,Nordeste,BA,Caatinga,384.5331593538494,4049.21049800384,671,11.681405006299684,32.88255516179848,576.799739030774,25,Médio
2021,12,2021-12-25,Nordeste,MA,Cerrado,313.56783801778863,3498.456192458126,510,259.32997406050924,29.63017458526579,470.35175702668295,28,Crítico
2021,12,2021-12-25,Sudeste,SP,Mata Atlântica,294.66568614520787,4026.920668274272,731,132.68814163534057,31.19616100042806,441.9985292178118,46,Médio
2021,12,2021-12-25,Sudeste,MG,Cerrado,200.72293112897637,3387.4075075510377,192,278.45462943418545,34.078813760201015,301.08439669346456,25,Crítico
2022,1,2022-01-24,Norte,AM,Amazônia,177.53358627169027,1846.5435942794447,276,298.68933284966505,34.754532802283165,266.3003794075354,43,Alto
2022,1,2022-01-24,Norte,PA,Amazônia,328.2593755566492,3860.4006451348,692,177.94746571184047,22.69352396085567,492.3890633349738,48,Crítico
2022,1,2022-01-24,Centro-Oeste,MT,Cerrado,232.83452785080394,3710.126455534739,430,111.93678552671507,34.2419958265544,349.2517917762059,32,Alto
2022,1,2022-01-24,Centro-Oeste,GO,Cerrado,92.0049457960227,3763.5359062032912,138,209.14074176754278,30.432306437994605,138.00741869403404,23,Baixo
2022,1,2022-01-24,Nordeste,BA,Caatinga,144.8912245914115,3543.7613073068433,117,179.79063484183132,24.331628133760134,217.33683688711722,31,Médio
2022,1,2022-01-24,Nordeste,MA,Cerrado,355.518181329576,3671.0423664126115,501,251.21012393104522,24.2064695715,533.277271994364,38,Crítico
2022,1,2022-01-24,Sudeste,SP,Mata Atlântica,19.380985318449973,3438.7897006104636,39,209.89187088663653,32.89601467485235,29.07147797767496,45,Crítico
2022,1,2022-01-24,Sudeste,MG,Cerrado,403.37735806400525,3143.7403154084727,976,146.5486897979716,27.22453359857949,605.0660370960079,44,Alto
2022,2,2022-02-23,Norte,AM,Amazônia,85.30861099366022,2108.050097303915,140,276.39225366389263,29.581480455602268,127.96291649049033,48,Alto
2022,2,2022-02-23,Norte,PA,Amazônia,300.491688448974,1207.95740791083,363,9.523129611896586,27.503356873991567,450.73753267346103,38,Baixo
2022,2,2022-02-23,Centro-Oeste,MT,Cerrado,51.43703526764655,4523.89202255863,88,264.87444495561664,30.56759033171902,77.15555290146983,32,Médio
2022,2,2022-02-23,Centro-Oeste,GO,Cerrado,113.50359742173619,4544.373741252833,252,58.99607548588761,31.5865391150188,170.2553961326043,7,Crítico
2022,2,2022-02-23,Nordeste,BA,Caatinga,150.39457897429025,4988.951599614411,316,9.007801598817844,33.66575625528212,225.59186846143538,34,Médio
2022,2,2022-02-23,Nordeste,MA,Cerrado,315.08896146334246,2860.03807010571,770,254.21637917141211,22.811122891777604,472.6334421950137,31,Alto
2022,2,2022-02-23,Sudeste,SP,Mata Atlântica,174.2867345383649,4901.372533916282,110,245.092172181551,33.08311647619762,261.4301018075473,19,Médio
2022,2,2022-02-23,Sudeste,MG,Cerrado,469.60296340260817,2542.3903700533338,314,21.310466713200636,24.74031032015037,704.4044451039123,44,Médio
2022,3,2022-03-25,Norte,AM,Amazônia,122.38923074845945,2074.2486698145703,176,30.293432045328327,24.1773841582234,183.58384612268918,15,Alto
2022,3,2022-03-25,Norte,PA,Amazônia,82.16502614052456,4037.1700276738943,200,290.3284395808686,27.71662632460281,123.24753921078684,15,Médio
2022,3,2022-03-25,Centro-Oeste,MT,Cerrado,146.40055601470172,2305.015672164587,306,89.81501211160449,25.022577898701805,219.6008340220526,11,Médio
2022,3,2022-03-25,Centro-Oeste,GO,Cerrado,73.54269932987532,2421.2789938955507,74,202.19826244371913,22.81334294885287,110.31404899481298,25,Baixo
2022,3,2022-03-25,Nordeste,BA,Caatinga,113.14840043601805,1587.687694335083,239,102.79354395675647,33.24056598415582,169.72260065402708,38,Alto
2022,3,2022-03-25,Nordeste,MA,Cerrado,85.9134024602869,2938.1519803200435,57,90.72585338356092,29.324308738290103,128.87010369043037,30,Baixo
2022,3,2022-03-25,Sudeste,SP,Mata Atlântica,403.8643963369028,3322.79633821714,312,151.65262811695916,23.873024218171594,605.7965945053543,31,Alto
2022,3,2022-03-25,Sudeste,MG,Cerrado,315.7592579092014,2951.33727417605,330,24.681697283118563,27.9745927437771,473.6388868638021,33,Médio
2022,4,2022-04-24,Norte,AM,Amazônia,160.16709934098196,1227.914907989473,343,125.58218247549898,27.959608513708694,240.25064901147294,24,Crítico
2022,4,2022-04-24,Norte,PA,Amazônia,365.2529773865682,3668.849348776724,602,233.11478569552685,33.208638657556456,547.8794660798524,22,Alto
2022,4,2022-04-24,Centro-Oeste,MT,Cerrado,163.79899339401055,4360.432313756799,258,296.8353392895169,33.56375104356892,245.69849009101583,40,Crítico
2022,4,2022-04-24,Centro-Oeste,GO,Cerrado,192.01895868594463,2957.5701496263546,170,222.49243555081267,28.40339791979287,288.0284380289169,16,Crítico
2022,4,2022-04-24,Nordeste,BA,Caatinga,246.75862302369757,2445.6151162687456,537,257.9384024434937,27.288462412372407,370.1379345355464,38,Baixo
2022,4,2022-04-24,Nordeste,MA,Cerrado,170.83422178238632,4049.787834699474,240,37.800608359198286,24.553449806336225,256.2513326735795,40,Alto
2022,4,2022-04-24,Sudeste,SP,Mata Atlântica,476.2079645749151,3270.9092717242183,405,173.79433999858136,28.365118006653184,714.3119468623727,8,Alto
2022,4,2022-04-24,Sudeste,MG,Cerrado,325.9251718026411,3210.649071106993,312,111.65197657406914,30.601674375179456,488.88775770396165,31,Médio
2022,5,2022-05-24,Norte,AM,Amazônia,79.19953625284323,1741.0814215332948,130,83.59291893451092,24.84322740420658,118.79930437926484,7,Médio
2022,5,2022-05-24,Norte,PA,Amazônia,99.59051213572039,2142.8302706435616,214,278.1371345593348,34.60904482948748,149.3857682035806,45,Baixo
2022,5,2022-05-24,Centro-Oeste,MT,Cerrado,289.9176302691777,2498.192973518325,227,239.3196790044642,26.776079473061916,434.8764454037666,43,Crítico
2022,5,2022-05-24,Centro-Oeste,GO,Cerrado,52.638436968366484,4380.48340598414,84,238.7779161430507,24.276600821694593,78.95765545254973,46,Baixo
2022,5,2022-05-24,Nordeste,BA,Caatinga,339.6546610621087,1872.8301382086888,319,262.22153199155554,25.245696385622992,509.481991593163,28,Crítico
2022,5,2022-05-24,Nordeste,MA,Cerrado,138.99119979382547,4482.67613650207,69,237.77844396274043,30.155276156178815,208.48679969073822,9,Médio
2022,5,2022-05-24,Sudeste,SP,Mata Atlântica,377.6302243300327,2833.2943783503015,303,105.36581620463427,23.219094841341214,566.4453364950491,47,Baixo
2022,5,2022-05-24,Sudeste,MG,Cerrado,248.2039377553128,1160.2364762027778,581,87.43827404813817,24.698032170674146,372.3059066329692,41,Alto
2022,6,2022-06-23,Norte,AM,Amazônia,126.6918602961912,2872.276216937161,293,139.88982388194563,31.887483351918668,190.0377904442868,31,Baixo
2022,6,2022-06-23,Norte,PA,Amazônia,85.70117996241365,2719.940856484239,126,179.07320716399684,34.9942501422557,128.55176994362046,31,Baixo
2022,6,2022-06-23,Centro-Oeste,MT,Cerrado,387.0299581002031,4310.2122090961875,501,51.21250899374405,22.396027922016483,580.5449371503046,24,Médio
2022,6,2022-06-23,Centro-Oeste,GO,Cerrado,110.1797025074938,3042.3230298382396,130,184.53874216235994,33.83787432378748,165.2695537612407,42,Alto
2022,6,2022-06-23,Nordeste,BA,Caatinga,259.8284646797242,1200.9720392919285,390,10.473465796867142,29.16507950491284,389.74269701958633,43,Baixo
2022,6,2022-06-23,Nordeste,MA,Cerrado,224.7075204916888,1642.7183388473807,489,7.49149863511488,27.837503983091636,337.0612807375332,5,Baixo
2022,6,2022-06-23,Sudeste,SP,Mata Atlântica,126.36449280860617,3898.393147390516,75,33.47789998717424,29.908153500101033,189.54673921290924,28,Médio
2022,6,2022-06-23,Sudeste,MG,Cerrado,147.7143775817757,2519.00609167727,125,240.4337328668861,27.097216499759444,221.57156637266354,21,Alto
2022,7,2022-07-23,Norte,AM,Amazônia,377.8771281134173,4091.0856786603163,283,71.07999747199459,30.806110688555346,566.815692170126,30,Baixo
2022,7,2022-07-23,Norte,PA,Amazônia,287.2329618720882,2549.290071901256,677,19.849556650332133,22.24902131216629,430.84944280813227,5,Alto
2022,7,2022-07-23,Centro-Oeste,MT,Cerrado,415.160694876649,4100.976207339797,643,70.3276800034544,26.486088691672037,622.7410423149736,23,Alto
2022,7,2022-07-23,Centro-Oeste,GO,Cerrado,24.75089738354628,3671.4716268032535,59,279.9615263277919,25.45145329657794,37.12634607531942,42,Médio
2022,7,2022-07-23,Nordeste,BA,Caatinga,309.6171695005738,2270.198801030354,574,254.43277050468902,34.31309901770322,464.42575425086073,26,Baixo
2022,7,2022-07-23,Nordeste,MA,Cerrado,443.5790076710421,2109.8587188998163,877,84.48481263168952,34.52368416579849,665.3685115065632,12,Baixo
2022,7,2022-07-23,Sudeste,SP,Mata Atlântica,15.039403008489094,3824.984650221049,29,186.80686228493923,34.87141499912926,22.55910451273364,32,Baixo
2022,7,2022-07-23,Sudeste,MG,Cerrado,162.82092352422535,1315.7576117862222,192,132.83944096312123,25.393630841053024,244.23138528633802,23,Crítico
2022,8,2022-08-22,Norte,AM,Amazônia,178.25948406704566,4741.938054109984,386,55.71992160155569,26.842616110195056,267.3892261005685,48,Médio
2022,8,2022-08-22,Norte,PA,Amazônia,465.0289754365431,1369.442112445514,289,48.83729676186881,29.73776684364937,697.5434631548146,19,Alto
2022,8,2022-08-22,Centro-Oeste,MT,Cerrado,83.73141279293876,2786.8581090340813,203,150.4553881050499,25.206562005470285,125.59711918940813,48,Baixo
2022,8,2022-08-22,Centro-Oeste,GO,Cerrado,240.7705236930194,4004.708547816171,439,226.1604248129739,29.51258446502315,361.1557855395291,48,Alto
2022,8,2022-08-22,Nordeste,BA,Caatinga,453.13628974699003,4028.192458794502,967,16.681656504138186,22.08941350885544,679.704434620485,16,Médio
2022,8,2022-08-22,Nordeste,MA,Cerrado,114.09916582578175,2644.7899555301833,208,120.72187778979352,33.49962954698498,171.14874873867262,24,Alto
2022,8,2022-08-22,Sudeste,SP,Mata Atlântica,448.825795584601,2255.512306060109,1040,207.31674382177852,25.531231356566806,673.2386933769014,26,Baixo
2022,8,2022-08-22,Sudeste,MG,Cerrado,103.3988182064804,2368.4304834543764,89,128.9872859339465,32.80233922371589,155.09822730972058,37,Crítico
2022,9,2022-09-21,Norte,AM,Amazônia,68.74663580162893,3125.8196567572213,135,86.38360280279774,28.40665459892672,103.11995370244338,31,Baixo
2022,9,2022-09-21,Norte,PA,Amazônia,156.9716141907411,2735.375691420977,265,49.32165872366362,23.515579969224056,235.45742128611164,21,Crítico
2022,9,2022-09-21,Centro-Oeste,MT,Cerrado,277.88088421534377,2375.830746230742,640,219.90003216678696,30.56259761421697,416.8213263230157,20,Alto
2022,9,2022-09-21,Centro-Oeste,GO,Cerrado,466.4619080116457,3266.421035621852,999,197.10914947023218,33.67902406559246,699.6928620174685,46,Baixo
2022,9,2022-09-21,Nordeste,BA,Caatinga,205.76420444759805,1043.2443345407853,237,247.96532225743928,32.41274910524375,308.64630667139704,18,Crítico
2022,9,2022-09-21,Nordeste,MA,Cerrado,61.18271386907418,2855.9267926675493,101,35.61272865273344,34.74738695178941,91.77407080361127,34,Baixo
2022,9,2022-09-21,Sudeste,SP,Mata Atlântica,115.20098485704416,3379.3895180076383,73,221.6600031399098,22.42176479861343,172.80147728556625,47,Alto
2022,9,2022-09-21,Sudeste,MG,Cerrado,332.77164297624086,1413.0600355001936,520,51.75716308390862,29.383665865109045,499.1574644643613,7,Médio
2022,10,2022-10-21,Norte,AM,Amazônia,155.2152306215113,4274.960917936203,368,295.0701619540989,25.375720906355383,232.82284593226694,18,Crítico
2022,10,2022-10-21,Norte,PA,Amazônia,485.16458007100874,2390.075181255019,661,15.104858090805973,22.685948352174833,727.7468701065131,18,Alto
2022,10,2022-10-21,Centro-Oeste,MT,Cerrado,349.0855154138608,1906.0865041444229,494,184.1910918975698,25.287155537251444,523.6282731207912,9,Baixo
2022,10,2022-10-21,Centro-Oeste,GO,Cerrado,293.03955962876705,4294.208906447277,357,246.2088482300338,28.20555517559122,439.5593394431506,42,Alto
2022,10,2022-10-21,Nordeste,BA,Caatinga,181.90136357415764,4222.858102672872,222,98.4538448392836,24.717771858188996,272.8520453612365,49,Alto
2022,10,2022-10-21,Nordeste,MA,Cerrado,51.49728751890034,2928.5283956793673,73,252.27261312087214,24.876103053798833,77.24593127835051,28,Baixo
2022,10,2022-10-21,Sudeste,SP,Mata Atlântica,196.68572409751596,4294.494442995894,416,115.38332279363046,27.968612302726854,295.02858614627394,36,Alto
2022,10,2022-10-21,Sudeste,MG,Cerrado,158.61008651614864,1474.5750629663212,375,280.124826900441,30.89026387385946,237.91512977422298,35,Crítico
2022,11,2022-11-20,Norte,AM,Amazônia,270.4703548164983,2902.384767288033,152,122.32443150081968,24.095844555676592,405.70553222474746,44,Crítico
2022,11,2022-11-20,Norte,PA,Amazônia,331.6407057153219,3248.7552442581004,809,214.42598293318375,22.88985588335822,497.4610585729828,40,Médio
2022,11,2022-11-20,Centro-Oeste,MT,Cerrado,214.65682795032743,3451.1833421460415,157,281.5446474642464,30.603110522131303,321.98524192549115,22,Médio
2022,11,2022-11-20,Centro-Oeste,GO,Cerrado,47.63349367406655,3202.653517763406,57,120.96232683997566,32.83737213617724,71.45024051109982,13,Médio
2022,11,2022-11-20,Nordeste,BA,Caatinga,409.1887923078947,2493.831780530821,705,76.60091212897325,23.37636613677068,613.783188461842,17,Médio
2022,11,2022-11-20,Nordeste,MA,Cerrado,183.89986490841147,3703.2917004162946,243,197.44794728927204,22.91140581533634,275.8497973626172,49,Médio
2022,11,2022-11-20,Sudeste,SP,Mata Atlântica,203.67706456126731,1627.2508212672228,175,248.19064492117377,22.544897817311348,305.51559684190096,35,Crítico
2022,11,2022-11-20,Sudeste,MG,Cerrado,215.39960919203946,4517.320862713896,180,167.11215398251053,25.007948272899025,323.0994137880592,32,Alto
2022,12,2022-12-20,Norte,AM,Amazônia,256.1893707115245,4832.472035677735,502,66.13380127362568,33.520363037681484,384.2840560672867,17,Baixo
2022,12,2022-12-20,Norte,PA,Amazônia,467.80901594207023,3541.6574274476393,1091,188.9461963304123,27.241738231389697,701.7135239131053,10,Baixo
2022,12,2022-12-20,Centro-Oeste,MT,Cerrado,378.67496232885605,3709.752284913178,591,128.53737115463863,31.509454032560807,568.0124434932841,24,Baixo
2022,12,2022-12-20,Centro-Oeste,GO,Cerrado,413.99104362622904,4331.7188622969115,328,162.08895953709217,32.98065681817292,620.9865654393436,39,Alto
2022,12,2022-12-20,Nordeste,BA,Caatinga,221.33783610709716,4660.242930068889,278,75.3507802645204,32.97476022871986,332.00675416064576,43,Alto
2022,12,2022-12-20,Nordeste,MA,Cerrado,247.17008052960801,2233.8731259579363,377,171.9126601857047,26.227745551590747,370.75512079441205,12,Baixo
2022,12,2022-12-20,Sudeste,SP,Mata Atlântica,29.242012978409633,1025.5161736263626,30,293.506436117057,34.55471372765672,43.86301946761445,41,Alto
2022,12,2022-12-20,Sudeste,MG,Cerrado,203.62609576142947,2383.2243936417,398,201.3279471257928,32.470590559597724,305.4391436421442,23,Baixo
2023,1,2023-01-19,Norte,AM,Amazônia,473.91055989919795,4133.191931824191,616,79.77853518963563,34.874319949317425,710.8658398487969,5,Alto
2023,1,2023-01-19,Norte,PA,Amazônia,22.62710339453206,3638.0239266053086,38,206.41366712223865,23.565038524258156,33.94065509179809,43,Crítico
2023,1,2023-01-19,Centro-Oeste,MT,Cerrado,469.8795939018339,3491.0136129593643,405,66.80282373692549,25.99381342127652,704.8193908527509,44,Baixo
2023,1,2023-01-19,Centro-Oeste,GO,Cerrado,277.76468544678096,1640.902403906025,370,51.280920726254486,27.435882246116396,416.64702817017144,44,Baixo
2023,1,2023-01-19,Nordeste,BA,Caatinga,381.06865935499536,1336.5106490375315,874,117.93117226782032,23.303192328397397,571.602989032493,24,Alto
2023,1,2023-01-19,Nordeste,MA,Cerrado,18.130315509972963,3409.797767866351,33,48.90573414446586,25.039566830209832,27.195473264959446,12,Crítico
2023,1,2023-01-19,Sudeste,SP,Mata Atlântica,21.616799285814007,4898.762384194206,46,40.637861038407245,25.009177778948875,32.42519892872101,21,Crítico
2023,1,2023-01-19,Sudeste,MG,Cerrado,435.5206667339977,2678.5095312272415,1024,15.186741680722237,22.512093838006653,653.2810001009966,43,Baixo
2023,2,2023-02-18,Norte,AM,Amazônia,291.2354343738151,1114.609710310618,374,174.97571769376702,22.146932975657293,436.85315156072267,7,Baixo
2023,2,2023-02-18,Norte,PA,Amazônia,395.81225949314376,1161.0320120369283,440,176.505666294946,27.16989738762971,593.7183892397156,41,Baixo
2023,2,2023-02-18,Centro-Oeste,MT,Cerrado,487.16220254500325,2100.956724148033,773,212.83165939019244,25.529396033055246,730.7433038175049,49,Alto
2023,2,2023-02-18,Centro-Oeste,GO,Cerrado,453.0792127897069,3199.4742511048207,566,15.171931147268658,27.539576093379,679.6188191845604,16,Baixo
2023,2,2023-02-18,Nordeste,BA,Caatinga,417.8581344338875,1897.274235414105,882,67.82372130316881,32.62496905877208,626.7872016508313,48,Médio
2023,2,2023-02-18,Nordeste,MA,Cerrado,465.8952258829695,2800.234557704901,321,101.23628368926869,33.31894992094671,698.8428388244542,13,Crítico
2023,2,2023-02-18,Sudeste,SP,Mata Atlântica,50.9272081932092,4009.8733503459775,46,15.388154694364676,28.40295994928576,76.3908122898138,19,Médio
2023,2,2023-02-18,Sudeste,MG,Cerrado,226.6324469930628,2578.289261275695,264,158.9821760790699,24.09777565904898,339.94867048959424,29,Crítico
2023,3,2023-03-20,Norte,AM,Amazônia,290.27798035896046,4040.643719160636,612,46.169971408132106,23.940243106639162,435.4169705384407,13,Crítico
2023,3,2023-03-20,Norte,PA,Amazônia,141.40544019500751,2633.8223256339306,172,203.9091650500036,22.73684561815586,212.1081602925113,29,Baixo
2023,3,2023-03-20,Centro-Oeste,MT,Cerrado,26.98962507077253,3788.6547685519217,34,58.03060288694477,30.339558256331273,40.48443760615879,50,Crítico
2023,3,2023-03-20,Centro-Oeste,GO,Cerrado,137.31578759074674,4582.759777066466,312,89.18616128439794,24.989918801522126,205.97368138612012,48,Médio
2023,3,2023-03-20,Nordeste,BA,Caatinga,211.5389463124533,3689.5353731668147,207,247.81940536448565,30.75019770184582,317.30841946868,23,Crítico
2023,3,2023-03-20,Nordeste,MA,Cerrado,413.93171915218124,1625.2678828354433,535,221.38528421927765,26.686168566840202,620.8975787282718,24,Crítico
2023,3,2023-03-20,Sudeste,SP,Mata Atlântica,338.92270436227494,1324.9185392266907,352,297.774538646329,24.03061960309779,508.3840565434124,36,Médio
2023,3,2023-03-20,Sudeste,MG,Cerrado,494.3262870421057,4175.272415632158,1213,197.82688862459926,29.511491653264102,741.4894305631585,48,Baixo
2023,4,2023-04-19,Norte,AM,Amazônia,434.389757235139,2870.724849939508,468,185.81699080995057,27.345476186303383,651.5846358527085,13,Médio
2023,4,2023-04-19,Norte,PA,Amazônia,219.4683625042313,3256.927266738144,254,255.1723584045348,24.61986891408207,329.2025437563469,36,Crítico
2023,4,2023-04-19,Centro-Oeste,MT,Cerrado,467.87218898918627,4293.092850720121,878,166.8572077890035,32.13371711851283,701.8082834837794,17,Alto
2023,4,2023-04-19,Centro-Oeste,GO,Cerrado,17.938194696338932,1160.555436341466,38,266.97401290885875,34.89551571410236,26.9072920445084,28,Baixo
2023,4,2023-04-19,Nordeste,BA,Caatinga,154.09305646662114,4061.4534554321626,141,75.90790227607597,33.252310981238644,231.1395846999317,33,Médio
2023,4,2023-04-19,Nordeste,MA,Cerrado,60.392870157163586,4916.606220402462,45,202.1516694810014,33.009533917576384,90.58930523574537,48,Alto
2023,4,2023-04-19,Sudeste,SP,Mata Atlântica,168.92139490224383,3376.9673092343887,313,180.9450360368841,30.87292197399038,253.38209235336575,12,Alto
2023,4,2023-04-19,Sudeste,MG,Cerrado,291.9259948332583,2103.690777522187,396,230.5743992739606,24.94154159004142,437.88899224988745,44,Médio
2023,5,2023-05-19,Norte,AM,Amazônia,349.25361001566296,3501.3206798178157,337,224.1234801387087,24.84328055578501,523.8804150234944,47,Médio
2023,5,2023-05-19,Norte,PA,Amazônia,39.37221742204106,3423.987869084102,29,254.83392186772065,22.584958676060516,59.05832613306159,37,Baixo
2023,5,2023-05-19,Centro-Oeste,MT,Cerrado,369.7341169304067,2914.11347967809,437,278.6578649536697,26.31562956156599,554.60117539561,46,Baixo
2023,5,2023-05-19,Centro-Oeste,GO,Cerrado,238.01509763034818,1326.3948800193534,125,77.57747734043521,22.36207913067397,357.02264644552224,11,Crítico
2023,5,2023-05-19,Nordeste,BA,Caatinga,319.373909763643,3192.580810912088,432,52.39415576889886,25.84711638267601,479.06086464546445,42,Médio
2023,5,2023-05-19,Nordeste,MA,Cerrado,335.2739926778353,1201.6670944088369,814,267.1152962565798,29.49945561704571,502.9109890167529,42,Médio
2023,5,2023-05-19,Sudeste,SP,Mata Atlântica,286.3205877102556,1277.5763436167335,429,26.9630555208482,29.81185607356812,429.4808815653834,43,Médio
2023,5,2023-05-19,Sudeste,MG,Cerrado,177.06970000342358,2626.362149437889,413,42.98443761079233,31.291344835526466,265.60455000513537,32,Crítico
2023,6,2023-06-18,Norte,AM,Amazônia,153.7431765060948,3791.33114202068,238,270.0792333606211,32.29848553242179,230.61476475914222,33,Médio
2023,6,2023-06-18,Norte,PA,Amazônia,341.41692325763483,4783.698576128347,634,88.7472292489608,22.014457224550437,512.1253848864523,9,Crítico
2023,6,2023-06-18,Centro-Oeste,MT,Cerrado,143.25773410511735,3647.3383404559927,134,190.11347992965872,29.71499797516141,214.886601157676,48,Alto
2023,6,2023-06-18,Centro-Oeste,GO,Cerrado,17.959287172632315,2294.121649941966,35,199.51679670198934,29.23551957052799,26.938930758948473,19,Baixo
2023,6,2023-06-18,Nordeste,BA,Caatinga,177.9381534596745,1377.675590641924,136,249.45549993366706,33.93916804706025,266.9072301895118,34,Baixo
2023,6,2023-06-18,Nordeste,MA,Cerrado,328.3961429145068,2608.1088675529627,232,218.68176003154716,32.137671492130885,492.59421437176024,44,Baixo
2023,6,2023-06-18,Sudeste,SP,Mata Atlântica,67.92712492263341,3848.54818352242,33,106.97885279586168,25.308257311037384,101.89068738395011,40,Crítico
2023,6,2023-06-18,Sudeste,MG,Cerrado,16.319760196867463,4404.602941703927,25,287.28949388177637,29.354684357972758,24.479640295301195,11,Baixo
2023,7,2023-07-18,Norte,AM,Amazônia,262.08605059254813,3195.491206170399,175,113.99372368961839,29.8927586514865,393.1290758888222,20,Médio
2023,7,2023-07-18,Norte,PA,Amazônia,200.47591045950787,1379.861100913506,196,94.47553337666872,23.25638284574078,300.7138656892618,10,Médio
2023,7,2023-07-18,Centro-Oeste,MT,Cerrado,96.67950590375213,2776.4142276264747,239,159.56152995150495,33.3570408735838,145.0192588556282,27,Crítico
2023,7,2023-07-18,Centro-Oeste,GO,Cerrado,497.828761240437,4249.895284176687,829,98.08230730100259,25.974671446814785,746.7431418606556,40,Crítico
2023,7,2023-07-18,Nordeste,BA,Caatinga,207.3248232873345,3728.766757020395,382,94.57183039483525,23.731729013776174,310.98723493100175,44,Crítico
2023,7,2023-07-18,Nordeste,MA,Cerrado,319.8741656680992,3313.97003291732,242,208.0266384168927,31.107949453127873,479.81124850214877,40,Baixo
2023,7,2023-07-18,Sudeste,SP,Mata Atlântica,379.2013342232024,2999.8359678591537,851,219.07475685887135,30.049245559755878,568.8020013348037,44,Alto
2023,7,2023-07-18,Sudeste,MG,Cerrado,101.45357050086446,2138.165542707735,55,132.91011190128583,30.02237727757253,152.1803557512967,16,Crítico
2023,8,2023-08-17,Norte,AM,Amazônia,426.48007194657066,1502.1991595939085,380,289.0439842422983,23.404579271893294,639.720107919856,19,Alto
2023,8,2023-08-17,Norte,PA,Amazônia,244.4606243525227,3165.497683629753,408,25.80964710988296,22.74134988204705,366.69093652878405,23,Alto
2023,8,2023-08-17,Centro-Oeste,MT,Cerrado,61.68687945590748,3177.3795505372846,103,70.12223761102328,30.29106384399269,92.53031918386122,17,Médio
2023,8,2023-08-17,Centro-Oeste,GO,Cerrado,411.8330760072682,2992.5197741921697,240,206.7931236308071,25.280055051905933,617.7496140109023,16,Crítico
2023,8,2023-08-17,Nordeste,BA,Caatinga,160.80774359364307,4591.741173774948,277,242.9773260908698,29.580692848294586,241.2116153904646,49,Crítico
2023,8,2023-08-17,Nordeste,MA,Cerrado,367.8086417010521,3563.862112395031,452,139.8544773382671,24.46916977394829,551.7129625515781,13,Alto
2023,8,2023-08-17,Sudeste,SP,Mata Atlântica,353.85175419985603,2434.4863278143657,570,273.4017570235892,22.27214353174753,530.777631299784,32,Baixo
2023,8,2023-08-17,Sudeste,MG,Cerrado,164.72884411225306,4066.1092648865088,101,210.6322362341378,26.307578843572124,247.09326616837959,48,Alto
2023,9,2023-09-16,Norte,AM,Amazônia,341.0748220814658,4025.0151656897374,440,136.2550988210118,27.359636461811654,511.61223312219875,29,Alto
2023,9,2023-09-16,Norte,PA,Amazônia,468.01765858926746,1481.7893599862618,468,175.36293397783746,34.60118355969433,702.0264878839012,31,Médio
2023,9,2023-09-16,Centro-Oeste,MT,Cerrado,195.14121472632146,2357.2210692382696,121,151.77949629586755,24.10499908621878,292.7118220894822,40,Médio
2023,9,2023-09-16,Centro-Oeste,GO,Cerrado,332.4700868476811,2806.957903925775,829,106.41856701906379,27.209154168848066,498.7051302715216,41,Baixo
2023,9,2023-09-16,Nordeste,BA,Caatinga,66.42162741364857,2659.302622085408,150,116.18232342745239,30.575973548096165,99.63244112047285,30,Alto
2023,9,2023-09-16,Nordeste,MA,Cerrado,226.59637625625052,1245.78516052315,407,244.11700311666823,34.22655138743224,339.89456438437577,16,Crítico
2023,9,2023-09-16,Sudeste,SP,Mata Atlântica,327.8950392180991,1605.7292574798532,789,143.2248568441061,29.823487541290813,491.84255882714865,13,Baixo
2023,9,2023-09-16,Sudeste,MG,Cerrado,295.05095723638146,2352.3376374650456,384,38.047206765125644,27.092651857309615,442.5764358545722,44,Alto
2023,10,2023-10-16,Norte,AM,Amazônia,89.70379940168772,1835.32374197836,176,17.569591585360158,29.180759791624048,134.55569910253158,30,Crítico
2023,10,2023-10-16,Norte,PA,Amazônia,301.6625690325068,3307.9264496707274,676,103.64425611703372,32.439154459842165,452.49385354876017,5,Crítico
2023,10,2023-10-16,Centro-Oeste,MT,Cerrado,274.7366576618363,3263.4022412529866,180,272.4055636264987,27.152064131476866,412.1049864927545,15,Médio
2023,10,2023-10-16,Centro-Oeste,GO,Cerrado,155.19964293090203,1605.7820877414292,122,129.83144530254566,29.743837714099882,232.79946439635305,33,Crítico
2023,10,2023-10-16,Nordeste,BA,Caatinga,49.50154853310486,4020.5344697807836,117,175.9871754850988,32.76970272220688,74.25232279965729,14,Alto
2023,10,2023-10-16,Nordeste,MA,Cerrado,49.29151083793551,3520.372507446654,71,248.59587183548678,32.18510428064048,73.93726625690327,20,Médio
2023,10,2023-10-16,Sudeste,SP,Mata Atlântica,145.7639323595658,1497.3833657234813,347,262.54008558634564,34.62222324486004,218.6458985393487,33,Alto
2023,10,2023-10-16,Sudeste,MG,Cerrado,96.80522637908652,1161.1420751119938,188,121.62684754174649,28.71168288956976,145.20783956862977,16,Crítico
2023,11,2023-11-15,Norte,AM,Amazônia,294.5161606957207,3689.0027491767787,698,144.3833853657711,32.52577547145656,441.77424104358107,16,Crítico
2023,11,2023-11-15,Norte,PA,Amazônia,475.76108226766036,4930.0850890241545,258,25.8396417191041,32.5870281304939,713.6416234014905,14,Crítico
2023,11,2023-11-15,Centro-Oeste,MT,Cerrado,147.36402875019212,2759.4225588553395,112,193.18697383428406,26.952373985305176,221.04604312528818,34,Baixo
2023,11,2023-11-15,Centro-Oeste,GO,Cerrado,36.737050058522485,4609.613104442698,62,114.96460978417551,24.81232610920075,55.10557508778373,36,Baixo
2023,11,2023-11-15,Nordeste,BA,Caatinga,226.86289950707953,4281.950337921099,135,247.90224328505602,29.64400602458517,340.2943492606193,9,Crítico
2023,11,2023-11-15,Nordeste,MA,Cerrado,183.02041557981084,3218.7480991534685,384,247.77969256500486,30.20896430357927,274.5306233697163,28,Crítico
2023,11,2023-11-15,Sudeste,SP,Mata Atlântica,394.3586818742707,2656.564272862665,669,287.38375797784124,29.03447972342498,591.5380228114061,16,Baixo
2023,11,2023-11-15,Sudeste,MG,Cerrado,306.4938640848638,3502.6031577091057,288,171.48229484488314,24.402899173311326,459.74079612729565,6,Médio
2023,12,2023-12-15,Norte,AM,Amazônia,39.19767770304042,4054.769077401282,66,157.02041127660246,24.948044129155395,58.796516554560625,10,Crítico
2023,12,2023-12-15,Norte,PA,Amazônia,336.5957685795871,2767.3348192078183,222,49.010027519526055,24.397967663778484,504.8936528693807,9,Baixo
2023,12,2023-12-15,Centro-Oeste,MT,Cerrado,109.12403508751979,1204.6008224815905,138,119.33803227872946,28.652196812491113,163.68605263127967,27,Alto
2023,12,2023-12-15,Centro-Oeste,GO,Cerrado,246.81419963349936,4356.586432283009,312,43.59800772615123,28.57405766915786,370.22129945024903,47,Médio
2023,12,2023-12-15,Nordeste,BA,Caatinga,40.40029430871161,3295.4633987083853,25,169.8055274663463,33.41443566697794,60.60044146306741,27,Crítico
2023,12,2023-12-15,Nordeste,MA,Cerrado,283.3581010734359,1194.779393599719,685,29.40230543422232,22.572856200414957,425.03715161015384,22,Baixo
2023,12,2023-12-15,Sudeste,SP,Mata Atlântica,100.78565666343461,3582.288725709712,159,13.67554738460064,34.29762156799279,151.1784849951519,43,Médio
2023,12,2023-12-15,Sudeste,MG,Cerrado,422.6610345586867,1308.7501209058719,462,50.96612196571718,23.650277378814646,633.9915518380301,10,Médio
2024,1,2024-01-14,Norte,AM,Amazônia,70.40905185648396,1983.3897699736012,108,107.44191495874334,34.863569333996196,105.61357778472593,41,Baixo
2024,1,2024-01-14,Norte,PA,Amazônia,345.31398197341895,1570.2262201324625,828,114.64184244977078,29.211513442670608,517.9709729601284,14,Crítico
2024,1,2024-01-14,Centro-Oeste,MT,Cerrado,47.61145032548163,3681.73733518767,24,192.5458550404306,27.34025452999495,71.41717548822244,11,Alto
2024,1,2024-01-14,Centro-Oeste,GO,Cerrado,249.925597255696,1096.0201793795554,332,100.61148186523873,24.30206932016477,374.88839588354404,32,Médio
2024,1,2024-01-14,Nordeste,BA,Caatinga,58.22785265967068,3397.4389001686623,140,218.5968852709808,26.099728662459526,87.34177898950603,12,Médio
2024,1,2024-01-14,Nordeste,MA,Cerrado,202.64209345206746,1387.862683861699,197,53.70949123247514,32.367682588854315,303.9631401781012,30,Crítico
2024,1,2024-01-14,Sudeste,SP,Mata Atlântica,341.99744454005014,2900.359491467072,545,276.73028509683735,22.94555432112269,512.9961668100752,29,Baixo
2024,1,2024-01-14,Sudeste,MG,Cerrado,147.49439848657883,4129.703248851151,176,297.7543860485914,25.12871669184299,221.24159772986826,19,Crítico
2024,2,2024-02-13,Norte,AM,Amazônia,438.4105937271695,1898.6295905670663,947,119.79977405976678,27.32574730080275,657.6158905907542,7,Baixo
2024,2,2024-02-13,Norte,PA,Amazônia,489.32812757801355,4196.631884419128,421,100.25781425193297,31.501314495090085,733.9921913670203,10,Alto
2024,2,2024-02-13,Centro-Oeste,MT,Cerrado,215.80539210487478,4330.447093304525,357,241.24966949516525,33.2635013860161,323.7080881573122,46,Crítico
2024,2,2024-02-13,Centro-Oeste,GO,Cerrado,39.212489418882924,1559.9495068870515,73,124.7455704055233,29.13164939571095,58.81873412832439,11,Médio
2024,2,2024-02-13,Nordeste,BA,Caatinga,207.34234752594708,4986.105235194476,319,40.56519411385642,30.78092858937353,311.01352128892063,41,Crítico
2024,2,2024-02-13,Nordeste,MA,Cerrado,204.04047352895145,1634.9470534972381,156,284.7819318736851,33.43481945725291,306.0607102934272,13,Crítico
2024,2,2024-02-13,Sudeste,SP,Mata Atlântica,454.4505606033607,1833.2615600340719,1128,106.63180120921852,30.69984738902327,681.675840905041,19,Alto
2024,2,2024-02-13,Sudeste,MG,Cerrado,247.06324453171715,2431.2449973423722,330,178.13418958303566,29.482714572321065,370.5948667975757,5,Crítico
2024,3,2024-03-14,Norte,AM,Amazônia,89.11433869147764,3213.8871048393994,128,171.08608161941714,24.731393507860574,133.67150803721646,5,Baixo
2024,3,2024-03-14,Norte,PA,Amazônia,373.7129822036205,2419.3274221726506,205,234.06379456069007,29.33060797372023,560.5694733054308,33,Médio
2024,3,2024-03-14,Centro-Oeste,MT,Cerrado,137.9695919303215,3269.5637766242935,260,238.87308283691615,31.555327420467705,206.95438789548228,12,Baixo
2024,3,2024-03-14,Centro-Oeste,GO,Cerrado,308.95288179775497,1532.7285026700938,456,78.39990536561513,27.448293147922108,463.4293226966324,12,Médio
2024,3,2024-03-14,Nordeste,BA,Caatinga,303.6566506331304,2152.738103838118,463,1.9393073369131653,28.451109884710583,455.48497594969564,25,Médio
2024,3,2024-03-14,Nordeste,MA,Cerrado,149.9567343954991,1095.785061081934,295,175.44834339173727,34.239165087578854,224.93510159324865,30,Baixo
2024,3,2024-03-14,Sudeste,SP,Mata Atlântica,95.46054088463477,1365.6879672685527,137,187.70457367840578,29.156911847750933,143.19081132695214,37,Alto
2024,3,2024-03-14,Sudeste,MG,Cerrado,209.60910686428784,4586.29863387604,323,58.88829069332011,22.293338652169513,314.4136602964318,29,Baixo
2024,4,2024-04-13,Norte,AM,Amazônia,432.21579350255945,4562.63382184737,714,179.0835670239518,32.53209416947613,648.3236902538392,32,Baixo
2024,4,2024-04-13,Norte,PA,Amazônia,220.53994804402248,4652.165867559424,441,171.63688911666188,24.350206957310935,330.8099220660337,50,Alto
2024,4,2024-04-13,Centro-Oeste,MT,Cerrado,141.71083136479712,1987.4281103829317,127,91.92463480531092,29.21673922779145,212.56624704719567,45,Baixo
2024,4,2024-04-13,Centro-Oeste,GO,Cerrado,298.1158984372781,3461.6831192833415,403,24.472477683409778,23.14124708175608,447.17384765591714,32,Médio
2024,4,2024-04-13,Nordeste,BA,Caatinga,94.19643557525264,1855.9787147932543,144,84.9853210477732,27.204066870248923,141.29465336287896,21,Alto
2024,4,2024-04-13,Nordeste,MA,Cerrado,407.81440076508613,3597.51528094649,215,200.6629593122056,32.382525144636276,611.7216011476291,8,Crítico
2024,4,2024-04-13,Sudeste,SP,Mata Atlântica,467.04894013955345,1615.1348220528648,252,265.8513882167979,27.9607413084312,700.5734102093302,26,Médio
2024,4,2024-04-13,Sudeste,MG,Cerrado,286.6494130773971,3716.2664179825497,523,279.52212099495245,34.9603424263517,429.97411961609566,27,Baixo
2024,5,2024-05-13,Norte,AM,Amazônia,362.8771558561607,4519.009609177374,389,14.766274362228483,25.004051087368452,544.315733784241,34,Baixo
2024,5,2024-05-13,Norte,PA,Amazônia,449.7190015572203,1882.6042384869938,455,41.437587942074174,33.16845284940992,674.5785023358304,33,Alto
2024,5,2024-05-13,Centro-Oeste,MT,Cerrado,255.0285470036325,1956.2655363001186,471,227.41212630336494,31.88007208450728,382.54282050544873,36,Alto
2024,5,2024-05-13,Centro-Oeste,GO,Cerrado,163.17303220506707,1838.7611097208035,215,292.96830699687126,30.392833501759352,244.7595483076006,14,Crítico
2024,5,2024-05-13,Nordeste,BA,Caatinga,467.9265015506026,4127.563651987559,517,229.7575931654226,30.99152347426504,701.8897523259039,13,Alto
2024,5,2024-05-13,Nordeste,MA,Cerrado,483.1630978807322,1522.869294359029,621,201.51265777321822,31.48102740620368,724.7446468210983,17,Alto
2024,5,2024-05-13,Sudeste,SP,Mata Atlântica,291.7796809948192,3017.823766677421,266,93.65692097073882,27.557064866166957,437.6695214922288,47,Médio
2024,5,2024-05-13,Sudeste,MG,Cerrado,326.1571021638853,1928.8987636053726,649,121.597608194086,25.49910042289118,489.23565324582796,9,Crítico
2024,6,2024-06-12,Norte,AM,Amazônia,107.32949079231587,4637.01077774797,221,111.06965570537301,31.76662601685897,160.9942361884738,9,Médio
2024,6,2024-06-12,Norte,PA,Amazônia,449.5276917885614,1731.2535541569036,985,286.8875644540084,26.896793725583013,674.2915376828421,12,Alto
2024,6,2024-06-12,Centro-Oeste,MT,Cerrado,176.2279239751798,2944.694616419532,110,32.70408469227861,25.231017672056538,264.3418859627697,33,Alto
2024,6,2024-06-12,Centro-Oeste,GO,Cerrado,165.3018846659679,4501.954601583586,350,90.73989523844091,33.16307557617946,247.95282699895182,49,Crítico
2024,6,2024-06-12,Nordeste,BA,Caatinga,430.0431593111976,1586.780456060726,872,207.09685407021868,34.285312839547395,645.0647389667964,15,Alto
2024,6,2024-06-12,Nordeste,MA,Cerrado,344.44483459590697,3002.317269723325,400,193.71751300531608,28.637415313470548,516.6672518938605,37,Crítico
2024,6,2024-06-12,Sudeste,SP,Mata Atlântica,68.77694144817522,4209.58412221453,77,258.4254138286552,23.784900425302414,103.16541217226283,50,Baixo
2024,6,2024-06-12,Sudeste,MG,Cerrado,476.6695086753751,3649.2549549228797,551,225.54754378700434,32.555301050292485,715.0042630130627,37,Baixo
2024,7,2024-07-12,Norte,AM,Amazônia,473.41735409070577,4434.025818206218,532,39.50607103086211,31.165531782596705,710.1260311360586,37,Médio
2024,7,2024-07-12,Norte,PA,Amazônia,373.5690874618531,2009.258944540612,693,261.912944104561,24.195160023815134,560.3536311927796,17,Baixo
2024,7,2024-07-12,Centro-Oeste,MT,Cerrado,36.28104784520711,2901.902860930935,70,254.72940598760283,26.984162833757367,54.42157176781067,46,Crítico
2024,7,2024-07-12,Centro-Oeste,GO,Cerrado,92.45650836877928,3195.6385265602867,200,56.75873771710647,31.364991981623795,138.68476255316892,38,Crítico
2024,7,2024-07-12,Nordeste,BA,Caatinga,260.44568285985525,2843.5933528263276,445,248.61269514540191,32.78431530387965,390.6685242897829,29,Baixo
2024,7,2024-07-12,Nordeste,MA,Cerrado,357.60052269394924,4355.415447616275,254,201.30389415987295,31.061314158055893,536.4007840409239,21,Alto
2024,7,2024-07-12,Sudeste,SP,Mata Atlântica,187.8615917978971,3901.48640093943,424,33.77713995875834,27.301114447280113,281.79238769684565,40,Alto
2024,7,2024-07-12,Sudeste,MG,Cerrado,444.32637736046945,4845.666478568198,264,203.74877049586883,30.207887709363895,666.4895660407042,17,Médio
2024,8,2024-08-11,Norte,AM,Amazônia,142.57403567911578,4768.232877954382,142,89.48173627023682,32.081568857346994,213.86105351867366,41,Crítico
2024,8,2024-08-11,Norte,PA,Amazônia,202.6296811214688,1042.8611907814359,157,163.27720110457525,34.68512464113613,303.9445216822032,28,Médio
2024,8,2024-08-11,Centro-Oeste,MT,Cerrado,190.87673496651018,2376.3664713977687,231,156.16315119145753,27.728643484515814,286.3151024497653,8,Crítico
2024,8,2024-08-11,Centro-Oeste,GO,Cerrado,441.1581670962371,3031.031352754275,666,41.51147841616698,34.77561403183502,661.7372506443556,29,Alto
2024,8,2024-08-11,Nordeste,BA,Caatinga,132.48671652572654,3652.584995900835,85,178.6099110470618,27.396893501905694,198.7300747885898,34,Médio
2024,8,2024-08-11,Nordeste,MA,Cerrado,216.87419460153225,1782.8505603985964,448,246.0759956834669,30.433712480635236,325.31129190229836,49,Alto
2024,8,2024-08-11,Sudeste,SP,Mata Atlântica,215.29518915196695,2026.5888287443831,304,225.63429980909245,28.66737164996848,322.9427837279504,28,Alto
2024,8,2024-08-11,Sudeste,MG,Cerrado,167.21872594742337,4982.937808205292,282,130.57868389696614,33.968988210122056,250.82808892113505,39,Baixo
2024,9,2024-09-10,Norte,AM,Amazônia,179.0582515630374,1816.9684254737153,109,125.60854299830527,24.855254071729398,268.5873773445561,24,Crítico
2024,9,2024-09-10,Norte,PA,Amazônia,10.111248726945213,4375.517644923716,23,222.68766944608413,24.181589743398373,15.16687309041782,28,Baixo
2024,9,2024-09-10,Centro-Oeste,MT,Cerrado,68.97815234289317,3896.116755091685,43,278.6423882063656,27.59696567186948,103.46722851433975,31,Alto
2024,9,2024-09-10,Centro-Oeste,GO,Cerrado,68.3789292780636,2395.327629834521,104,112.44747730499931,30.077298114024195,102.56839391709539,29,Médio
2024,9,2024-09-10,Nordeste,BA,Caatinga,362.17187549847915,1142.3609232259055,261,298.29909080571446,25.025468535902174,543.2578132477188,18,Médio
2024,9,2024-09-10,Nordeste,MA,Cerrado,36.37695720514495,1155.8313853938569,32,117.5432683851515,32.43122319786721,54.56543580771742,22,Baixo
2024,9,2024-09-10,Sudeste,SP,Mata Atlântica,177.2097803812831,3702.347094269755,246,152.66822102096407,33.19879391827722,265.8146705719247,49,Alto
2024,9,2024-09-10,Sudeste,MG,Cerrado,434.3574807724207,4112.185225932797,225,138.22008007250216,34.85492703694762,651.536221158631,14,Crítico
2024,10,2024-10-10,Norte,AM,Amazônia,246.78371717896323,4018.2774448229466,610,74.5814653839919,28.99913473073045,370.17557576844484,40,Crítico
2024,10,2024-10-10,Norte,PA,Amazônia,496.14646334450555,1389.4675751648845,1098,211.91159904299883,26.49253461632057,744.2196950167584,26,Médio
2024,10,2024-10-10,Centro-Oeste,MT,Cerrado,13.421308321370578,1939.0176868998851,17,245.66078115614147,26.38529791499495,20.13196248205587,46,Crítico
2024,10,2024-10-10,Centro-Oeste,GO,Cerrado,415.4866100373704,2231.2766001044765,208,72.34956429232858,25.03637569389194,623.2299150560556,37,Baixo
2024,10,2024-10-10,Nordeste,BA,Caatinga,43.41144368507672,3222.1982795424797,37,87.40832185132335,27.426132170278922,65.11716552761507,20,Crítico
2024,10,2024-10-10,Nordeste,MA,Cerrado,194.66477137012237,4621.195996042062,438,147.88709149675802,26.292027354102856,291.99715705518355,9,Alto
2024,10,2024-10-10,Sudeste,SP,Mata Atlântica,62.33234496115818,1240.9077796011898,150,89.29508327048413,25.874860615210054,93.49851744173726,33,Médio
2024,10,2024-10-10,Sudeste,MG,Cerrado,166.9966302087053,4132.645723694788,138,36.74935858979676,30.253786568991117,250.49494531305797,25,Baixo
2024,11,2024-11-09,Norte,AM,Amazônia,70.68455308585055,4637.7180147435065,45,57.038629895611706,32.676252009276155,106.02682962877583,31,Crítico
2024,11,2024-11-09,Norte,PA,Amazônia,276.86912684249654,4821.7927657522705,181,74.08835009756775,33.175389489583885,415.3036902637448,18,Médio
2024,11,2024-11-09,Centro-Oeste,MT,Cerrado,92.71690283443645,1052.915251621176,204,153.5341369708442,32.00275353248024,139.0753542516547,49,Médio
2024,11,2024-11-09,Centro-Oeste,GO,Cerrado,468.0498035714638,4278.49947819058,1085,266.45740489839125,24.589855915881994,702.0747053571957,43,Baixo
2024,11,2024-11-09,Nordeste,BA,Caatinga,149.2503048987471,2508.2157240067954,160,117.99620111555662,29.07921922051078,223.87545734812062,49,Baixo
2024,11,2024-11-09,Nordeste,MA,Cerrado,88.34108404955627,1670.266157218026,166,93.09254463136426,28.543486697880002,132.5116260743344,23,Médio
2024,11,2024-11-09,Sudeste,SP,Mata Atlântica,400.25587514650385,3582.137425642089,792,46.73197817405105,29.111589493002512,600.3838127197557,21,Alto
2024,11,2024-11-09,Sudeste,MG,Cerrado,52.84878588194387,2654.0661211598367,66,11.943431833726148,25.561845293109634,79.27317882291581,45,Alto
2024,12,2024-12-09,Norte,AM,Amazônia,478.26823896057977,2409.308217010157,1151,12.930032684497217,24.32823421126636,717.4023584408696,29,Alto
2024,12,2024-12-09,Norte,PA,Amazônia,202.18671878243467,1564.7962541487395,484,229.05475310046367,23.412873011870996,303.280078173652,47,Médio
2024,12,2024-12-09,Centro-Oeste,MT,Cerrado,490.81621292172565,4100.9381555962245,620,102.77732484333954,30.15969540306451,736.2243193825884,31,Baixo
2024,12,2024-12-09,Centro-Oeste,GO,Cerrado,104.08788152261799,4752.256558272526,82,275.29418337133006,33.537096222767474,156.131822283927,6,Baixo
2024,12,2024-12-09,Nordeste,BA,Caatinga,316.4623905816308,1276.1477476454997,669,100.43671256720374,26.07814062184303,474.6935858724462,35,Baixo
2024,12,2024-12-09,Nordeste,MA,Cerrado,321.4662077567805,1594.0271265747233,389,178.94012262406312,32.58699096869806,482.1993116351707,44,Baixo
2024,12,2024-12-09,Sudeste,SP,Mata Atlântica,197.24051228538687,1786.7527892512921,150,71.2449915508152,25.89866870892897,295.8607684280803,36,Médio
2024,12,2024-12-09,Sudeste,MG,Cerrado,324.96958454809146,3784.3194462681568,553,108.75059535945395,32.71196947443972,487.4543768221372,22,Crítico
